t	children	meanRadius	p0x	p0y
0.05	6	0.249	0.000	0.000
0.16	6	0.422	0.000	0.000
0.26	6	0.555	0.000	0.000
0.36	6	0.690	0.000	0.000
0.49	6	0.851	0.000	0.000
0.61	6	0.993	0.000	0.000
0.74	6	1.138	0.000	0.000
0.94	6	1.238	0.000	0.000
1.05	6	1.459	0.000	0.000
1.17	6	1.584	0.000	0.000
1.30	6	1.707	0.000	0.000
1.41	6	1.808	0.000	0.000
1.53	6	1.922	0.000	0.000
1.68	3	1.788	0.000	0.000
1.82	3	1.964	0.000	0.000
1.94	2	3.047	0.000	0.000
2.06	1	0.000	0.000	0.000
2.20	1	0.000	0.000	0.000
2.31	1	0.000	0.000	0.000
2.43	1	0.000	0.000	0.000
2.54	1	0.000	0.000	0.000
2.65	1	0.000	0.000	0.000
2.77	1	0.000	0.000	0.000
2.89	1	0.000	0.000	0.000
3.00	1	0.000	0.000	0.000
3.12	1	0.000	0.000	0.000
3.24	1	0.000	0.000	0.000
3.36	1	0.000	0.000	0.000
3.47	1	0.000	0.000	0.000
3.58	1	0.000	0.000	0.000
4.36	1	0.000	0.000	0.000
