id	sourceId	resolution	min	max	sha256
plates_GEN10_001	plates/GEN10/001	256	0.0	1.3458919525146484	f1c4a0d46d81fc38
plates_GEN10_002	plates/GEN10/002	256	0.0	1.0431439876556396	77a4f913eeb71591
plates_GEN10_003	plates/GEN10/003	256	0.0	1.0302013158798218	5a3573d9e486e11e
plates_GEN10_004	plates/GEN10/004	256	0.0	1.0443089008331299	9e73a1af74a9f7ab
plates_GEN10_005	plates/GEN10/005	256	0.0	1.347461223602295	7b085047ae85d803
plates_GEN10_006	plates/GEN10/006	256	0.0	1.0472862720489502	b73cc0e6306e8acf
plates_GEN10_007	plates/GEN10/007	256	0.0	1.0673730373382568	1e459a6d4f86c686
plates_GEN10_008	plates/GEN10/008	256	0.0	1.0344247817993164	d954bbd20bcbe156
plates_GEN10_009	plates/GEN10/009	256	0.0	1.0451066493988037	4d37057288aa37b0
plates_GEN10_010	plates/GEN10/010	256	0.0	1.067435622215271	4d21eff76f67b945
plates_GEN10_011	plates/GEN10/011	256	0.0	1.294989824295044	4a9bb0365f4ad8db
plates_GEN10_012	plates/GEN10/012	256	0.0	1.0774531364440918	24b22708b8c45b32
plates_GEN10_013	plates/GEN10/013	256	0.0	1.040466070175171	921803cd282c0a9a
plates_GEN10_014	plates/GEN10/014	256	0.0	1.0491496324539185	49ca33063b8d7dd5
plates_GEN10_015	plates/GEN10/015	256	0.0	1.0247671604156494	5ded7e0ffa0840f6
plates_GEN10_016	plates/GEN10/016	256	0.0	1.038979172706604	940a3a04cac4f1be
plates_GEN10_017	plates/GEN10/017	256	0.0	1.3315956592559814	4c58e011e67a018c
plates_GEN10_018	plates/GEN10/018	256	0.0	1.326070785522461	94c12ee817b7fd6f
plates_GEN10_019	plates/GEN10/019	256	0.0	1.017288327217102	a87fde76b0d5935c
plates_GEN10_020	plates/GEN10/020	256	-0.21733535826206207	1.5800000429153442	764d3003a87da1a8
plates_GEN11_001	plates/GEN11/001	256	0.0	1.0420172214508057	6b163e9968097b27
plates_GEN11_002	plates/GEN11/002	256	0.0	1.337701439857483	b8040df535864ce3
plates_GEN11_003	plates/GEN11/003	256	0.5600000023841858	1.0401227474212646	72f24a9e877a8f42
plates_GEN11_004	plates/GEN11/004	256	0.0	1.1081634759902954	b9f940a47fa67d61
plates_GEN11_005	plates/GEN11/005	256	0.0	1.335628628730774	55661bb98a82cc84
plates_GEN11_006	plates/GEN11/006	256	0.0	1.3249891996383667	7a2dd969d865554b
plates_GEN11_007	plates/GEN11/007	256	0.0	1.0343453884124756	8538bc911219a66a
plates_GEN11_008	plates/GEN11/008	256	0.0	1.3404510021209717	4971b0fa09996506
plates_GEN11_009	plates/GEN11/009	256	-0.35386109352111816	1.5800000429153442	832c0cba082b1d25
plates_GEN11_010	plates/GEN11/010	256	0.0	1.329835057258606	221e492947b920f5
plates_GEN11_011	plates/GEN11/011	256	0.0	1.299881100654602	8fbb708f7cdfb40e
plates_GEN11_012	plates/GEN11/012	256	0.5600000023841858	1.0433087348937988	64987bbb3be89a45
plates_GEN11_013	plates/GEN11/013	256	0.0	1.0698469877243042	3cd86a5e3254a214
plates_GEN11_014	plates/GEN11/014	256	0.0	1.0378109216690063	e38161a9a01abf1a
plates_GEN11_015	plates/GEN11/015	256	0.0	1.6802202463150024	d73843f753dab6b2
plates_GEN11_016	plates/GEN11/016	256	0.0	1.0694578886032104	018c11538fce2fc9
plates_GEN11_017	plates/GEN11/017	256	0.0	1.0212574005126953	2d2fb299a6431469
plates_GEN11_018	plates/GEN11/018	256	-0.4141862988471985	1.5800000429153442	473387c7e3c40c50
plates_GEN11_019	plates/GEN11/019	256	0.0	1.3217531442642212	e55a6da4d719b774
plates_GEN11_020	plates/GEN11/020	256	0.0	1.32609224319458	1206be8771f20af7
lines_GEN1_001	lines/GEN1/001	256	-0.482766330242157	0.0	61b259a97f595678
lines_GEN1_002	lines/GEN1/002	256	-0.09375907480716705	1.4242300987243652	f419225efb3cd512
lines_GEN1_003	lines/GEN1/003	256	-0.4485003352165222	0.0	7fc17d8f5bda0a6c
lines_GEN1_004	lines/GEN1/004	256	-1.172399640083313	1.2414982318878174	a711aa694c570bee
lines_GEN1_005	lines/GEN1/005	256	-0.4131568670272827	1.564371109008789	0855db544adac077
lines_GEN1_006	lines/GEN1/006	256	-0.88349848985672	1.176671028137207	8ccb55603b04fc45
lines_GEN1_007	lines/GEN1/007	256	-0.6053155660629272	1.4953153133392334	35e7854ff5a62d6a
lines_GEN1_008	lines/GEN1/008	256	-0.8039355874061584	0.0	fce5665da9710db2
lines_GEN2_001	lines/GEN2/001	256	-0.41272175312042236	1.760156512260437	3c34815f262a07f6
lines_GEN2_002	lines/GEN2/002	256	-0.836532711982727	0.0	dd26de0fc45b260d
lines_GEN2_003	lines/GEN2/003	256	-0.2684093415737152	1.3727188110351562	cc83b4ec7c7e5cad
lines_GEN2_004	lines/GEN2/004	256	-0.9083143472671509	0.0	d4bb1fa3b4a21fc3
lines_GEN2_005	lines/GEN2/005	256	-1.5307211875915527	1.9700175523757935	17ceda8047195d5b
lines_GEN2_006	lines/GEN2/006	256	-0.431892067193985	1.353044867515564	76199baea8aaaa5b
lines_GEN2_007	lines/GEN2/007	256	-0.43036559224128723	1.4121259450912476	da8a9cd4c4f20957
lines_GEN2_008	lines/GEN2/008	256	-1.1049641370773315	2.2057981491088867	c931c4556cc15a5d
lines_GEN2_009	lines/GEN2/009	256	-0.8863152861595154	0.0	7b5846d7c8d6e032
lines_GEN2_010	lines/GEN2/010	256	-0.08160766959190369	1.194679856300354	17c42a770852bc9d
lines_GEN2_011	lines/GEN2/011	256	-0.8216793537139893	0.0	eec06816d2aa6e98
lines_GEN2_012	lines/GEN2/012	256	-0.5409022569656372	0.0	baa7e8f53403d83b
plates_GEN2_001	plates/GEN2/001	256	0.0	1.2920076847076416	c37e82a281783a22
plates_GEN2_002	plates/GEN2/002	256	0.0	1.119314432144165	2cc07852055a4dc7
plates_GEN2_003	plates/GEN2/003	256	-0.11999999731779099	1.283715009689331	a1506255ccf5c0a7
plates_GEN2_004	plates/GEN2/004	256	0.0	1.4985201358795166	0173a35e512a150b
plates_GEN2_005	plates/GEN2/005	256	0.0	1.2877626419067383	e4a567b889a18c46
plates_GEN2_006	plates/GEN2/006	256	0.0	1.4087746143341064	3cf89618676a6050
plates_GEN2_007	plates/GEN2/007	256	-0.06613238900899887	1.7393008470535278	f9df573589ec8e9f
plates_GEN2_008	plates/GEN2/008	256	0.0	1.6214932203292847	5aa6b893b91b6bbb
lines_GEN3_001	lines/GEN3/001	256	-0.8262271285057068	0.0	83efbbe8612e8ab5
lines_GEN3_002	lines/GEN3/002	256	-1.1070325374603271	0.0	c23b43bc0e2bb6d1
lines_GEN3_003	lines/GEN3/003	256	-0.6710890531539917	0.0	6eec01955b468ffa
lines_GEN3_004	lines/GEN3/004	256	-0.6360683441162109	1.3649698495864868	e6b73e18f365e561
lines_GEN3_005	lines/GEN3/005	256	-0.21118851006031036	1.3303205966949463	0e0ba8d7ad865c16
lines_GEN3_006	lines/GEN3/006	256	-0.1555458903312683	1.6003105640411377	56385ad7981b3635
lines_GEN3_007	lines/GEN3/007	256	0.0	1.0122286081314087	b572b9a9dff652d2
lines_GEN3_008	lines/GEN3/008	256	-0.8401317596435547	0.0	5aa94dc9764addd2
lines_GEN3_009	lines/GEN3/009	256	-0.8028780221939087	0.7454323172569275	37b0bce88ba6cc35
lines_GEN3_010	lines/GEN3/010	256	-1.1865334510803223	0.0	0720405f1af4698a
lines_GEN3_011	lines/GEN3/011	256	-0.41515660285949707	0.9424387812614441	ce14a8d70851977e
lines_GEN3_012	lines/GEN3/012	256	-1.4541536569595337	1.9700061082839966	9823abdccd9939c7
lines_GEN3_013	lines/GEN3/013	256	-0.787042498588562	1.3181289434432983	fffaa1ae986fd2ee
plates_GEN3_001	plates/GEN3/001	256	0.0	1.1257622241973877	97609ecb47ba2bd8
plates_GEN3_002	plates/GEN3/002	256	0.0	1.6316118240356445	3ec13ffeb1390f09
plates_GEN3_003	plates/GEN3/003	256	0.0	1.3316528797149658	ba3f5007ceaa8acf
plates_GEN3_004	plates/GEN3/004	256	0.0	1.6393340826034546	5c8210d717ec723a
plates_GEN3_005	plates/GEN3/005	256	-0.47350189089775085	1.497331142425537	fac08c95fda69fb8
plates_GEN3_006	plates/GEN3/006	256	0.0	1.4025477170944214	c3cd9909e8f53d22
plates_GEN3_007	plates/GEN3/007	256	-0.11999999731779099	1.6067495346069336	c20d5d76b0249a7e
plates_GEN3_008	plates/GEN3/008	256	0.0	1.3558324575424194	5004141ac7c38d24
plates_GEN3_009	plates/GEN3/009	256	-0.1630619615316391	1.4199999570846558	9a6904ee9558b081
plates_GEN3_010	plates/GEN3/010	256	-0.2885381877422333	1.4213758707046509	87530010228cb89b
plates_GEN3_011	plates/GEN3/011	256	-0.11999999731779099	1.2973366975784302	135c93b9b75c2491
plates_GEN3_012	plates/GEN3/012	256	-0.36741459369659424	1.5501892566680908	27db57c16b168359
lines_GEN4_001	lines/GEN4/001	256	-0.8093812465667725	0.0	cc03645b52c159bd
lines_GEN4_002	lines/GEN4/002	256	-0.18215638399124146	1.4760056734085083	1f24843054f5910e
lines_GEN4_003	lines/GEN4/003	256	-1.275848150253296	0.0	575afe4e261f5404
lines_GEN4_004	lines/GEN4/004	256	-1.0027004480361938	0.0	2242f59fc7e85e9b
lines_GEN4_005	lines/GEN4/005	256	-0.05895176902413368	1.4954180717468262	282cbb767ccb8c4d
lines_GEN4_006	lines/GEN4/006	256	0.0	0.8385274410247803	ad7a7830bdb8f360
lines_GEN4_007	lines/GEN4/007	256	-0.5154016017913818	0.0	cc022a3c50e34268
lines_GEN4_008	lines/GEN4/008	256	0.0	0.499941349029541	99f611bb8e2699b9
lines_GEN4_009	lines/GEN4/009	256	-0.817157506942749	0.0	5bf03f940728186e
lines_GEN4_010	lines/GEN4/010	256	0.0	0.6155659556388855	1d71d1d15b57e89e
lines_GEN4_011	lines/GEN4/011	256	-0.18379735946655273	1.7370834350585938	d1622cb5c20d9c84
lines_GEN4_012	lines/GEN4/012	256	-0.26651713252067566	1.3493412733078003	8e1a126cd3013818
lines_GEN4_013	lines/GEN4/013	256	0.0	1.4623466730117798	fe0ff2882c9ce504
lines_GEN5_001	lines/GEN5/001	256	-1.573378086090088	0.0	a50b46ae59aca034
lines_GEN5_002	lines/GEN5/002	256	-0.8366675972938538	0.0	4f844e14643f0f9b
lines_GEN5_003	lines/GEN5/003	256	-0.8930450081825256	0.0	1f125695458f8c66
lines_GEN5_004	lines/GEN5/004	256	-0.20372889935970306	1.7687504291534424	8b66830ae467372a
lines_GEN5_005	lines/GEN5/005	256	-1.6242280006408691	0.0	4b24016ff71ef997
lines_GEN5_006	lines/GEN5/006	256	0.0	1.2028064727783203	4fbafc73f1be0424
lines_GEN5_007	lines/GEN5/007	256	-0.7636232376098633	0.0	5186ee0a74aee9b9
lines_GEN5_008	lines/GEN5/008	256	-0.8104478120803833	0.0	601f7e11bb43f302
lines_GEN5_009	lines/GEN5/009	256	-1.0733940601348877	0.0	834b53bec25a7fee
lines_GEN5_010	lines/GEN5/010	256	-0.8455988764762878	1.7279582023620605	c2e41a68a2c80f62
lines_GEN5_011	lines/GEN5/011	256	-1.3235890865325928	1.128568172454834	129929bbba037921
lines_GEN5_012	lines/GEN5/012	256	-0.23928795754909515	1.804591417312622	83abf43b519c3395
lines_GEN5_013	lines/GEN5/013	256	-1.1697008609771729	1.0294195413589478	5f8fae9c3ec378e5
plates_GEN5_001	plates/GEN5/001	256	-0.33069878816604614	1.5800000429153442	239b2b5c1f4ace1c
plates_GEN5_002	plates/GEN5/002	256	-0.2279840111732483	1.4341403245925903	ee054a7ca8dd421a
plates_GEN5_003	plates/GEN5/003	256	0.0	1.6183733940124512	73d7a13234936b95
plates_GEN5_004	plates/GEN5/004	256	0.0	1.6054856777191162	845b1cb1ff443740
plates_GEN5_005	plates/GEN5/005	256	-0.1823839694261551	1.5756008625030518	69bd743b5bfde7bf
plates_GEN5_006	plates/GEN5/006	256	0.0	1.3096705675125122	f985fdbe837cf53b
plates_GEN5_007	plates/GEN5/007	256	0.0	1.5361992120742798	d118b4281453bbba
plates_GEN5_008	plates/GEN5/008	256	-0.39841529726982117	1.3115222454071045	4fb0627c512a40d6
plates_GEN5_009	plates/GEN5/009	256	0.0	1.226753830909729	f2125cca94fd513b
plates_GEN5_010	plates/GEN5/010	256	-0.23049838840961456	1.5800000429153442	4d4091f5e915a879
plates_GEN5_011	plates/GEN5/011	256	0.0	1.343093991279602	e536e2161e7e15d5
plates_GEN5_012	plates/GEN5/012	256	0.0	1.3775553703308105	b8a77f89827da6c5
plates_GEN5_013	plates/GEN5/013	256	-0.11999999731779099	1.2390319108963013	04adc362300629fd
plates_GEN5_014	plates/GEN5/014	256	-0.177567720413208	1.5800000429153442	a33f85269cc1285c
plates_GEN5_015	plates/GEN5/015	256	-0.40523600578308105	1.5800000429153442	56377b5d58fdfab4
lines_GEN6_001	lines/GEN6/001	256	-0.08029618859291077	1.4673347473144531	97b61caa0df720f6
lines_GEN6_002	lines/GEN6/002	256	0.0	0.8343644738197327	e38a4902fea88f3b
lines_GEN6_003	lines/GEN6/003	256	-0.4774748980998993	1.995875597000122	140ae5f8419bb7bd
lines_GEN6_004	lines/GEN6/004	256	-0.9119996428489685	0.0	e92658165c7b3ebe
lines_GEN6_005	lines/GEN6/005	256	-0.7027459740638733	1.0543949604034424	9b8a23cafe46ad5c
lines_GEN6_006	lines/GEN6/006	256	-0.9452142119407654	0.0	dd535467ad5af53c
lines_GEN6_007	lines/GEN6/007	256	-1.1373798847198486	1.873822808265686	34503fc3c75b4ad8
lines_GEN6_008	lines/GEN6/008	256	-1.1915781497955322	0.8379895687103271	1b4c9f39d11e59a3
lines_GEN6_009	lines/GEN6/009	256	-0.3613244593143463	1.7538843154907227	54c81834d0e1ba49
lines_GEN6_010	lines/GEN6/010	256	-1.250036597251892	0.0	acb5ada20255f8e3
lines_GEN6_011	lines/GEN6/011	256	-1.2387062311172485	0.0	2c3aa5cc3aeea3c8
lines_GEN6_012	lines/GEN6/012	256	-0.4579832851886749	1.8160731792449951	f5c4be99a9bc737a
lines_GEN6_013	lines/GEN6/013	256	-0.46372076869010925	1.780759572982788	f90c46d68fc1173f
plates_GEN6_001	plates/GEN6/001	256	-0.4393968880176544	1.5800000429153442	9870d3e1e9dc99fe
plates_GEN6_002	plates/GEN6/002	256	-0.32381123304367065	1.5800000429153442	af9c7c951870ac04
plates_GEN6_003	plates/GEN6/003	256	0.0	1.3498520851135254	fce05ff3c9820ad8
plates_GEN6_004	plates/GEN6/004	256	0.0	1.8006720542907715	98255112fb910dc3
plates_GEN6_005	plates/GEN6/005	256	0.0	1.511927604675293	e215aff828c0e054
plates_GEN6_006	plates/GEN6/006	256	0.0	1.4062020778656006	e5b16d5aaa33e4f8
plates_GEN6_007	plates/GEN6/007	256	-0.31333833932876587	1.5800000429153442	0b071a3ae7a244e1
plates_GEN6_008	plates/GEN6/008	256	0.0	1.7278486490249634	b0446b7c3f0536cc
plates_GEN6_009	plates/GEN6/009	256	0.0	1.642907977104187	30a093250af7d3cb
plates_GEN6_010	plates/GEN6/010	256	0.0	1.3139055967330933	f9b2ef2f019d411f
plates_GEN6_011	plates/GEN6/011	256	0.0	1.6841007471084595	db8e999068652f6e
plates_GEN6_012	plates/GEN6/012	256	-0.20531876385211945	1.159999966621399	998ed536f9e2d085
plates_GEN6_013	plates/GEN6/013	256	-0.11999999731779099	1.3530924320220947	4dd7f14949661e91
plates_GEN6_014	plates/GEN6/014	256	0.0	1.2073030471801758	f9ea338b7634274c
plates_GEN6_015	plates/GEN6/015	256	0.0	1.3307206630706787	f8165303cd7e153b
lines_GEN7_001	lines/GEN7/001	256	0.0	1.386175274848938	21214096572da11f
lines_GEN7_002	lines/GEN7/002	256	-0.41074007749557495	1.1392940282821655	47abb70c652f14d2
lines_GEN7_003	lines/GEN7/003	256	0.0	1.0137627124786377	cb5c92499547a24c
lines_GEN7_004	lines/GEN7/004	256	0.0	1.5013096332550049	4305916f3343e7ef
lines_GEN7_005	lines/GEN7/005	256	-0.9850867390632629	1.1368529796600342	2bb9e6d1971b88d0
lines_GEN7_006	lines/GEN7/006	256	-0.7524100542068481	0.0	87b10eb4239ba489
lines_GEN7_007	lines/GEN7/007	256	-1.241743803024292	0.0	a73a7dfccc93a8a3
lines_GEN7_008	lines/GEN7/008	256	-1.2000057697296143	0.0	3579823913505711
lines_GEN7_009	lines/GEN7/009	256	0.0	1.6180548667907715	8da7d7c4034a4b76
lines_GEN7_010	lines/GEN7/010	256	0.0	1.1498152017593384	b48a0182864f339c
lines_GEN7_011	lines/GEN7/011	256	0.0	1.419398307800293	c614b015ebdbb791
lines_GEN7_012	lines/GEN7/012	256	-0.9708297252655029	0.0	d3c6e45352194b6c
lines_GEN7_013	lines/GEN7/013	256	-0.6146252751350403	0.0	815f91d066b99418
plates_GEN7_001	plates/GEN7/001	256	0.0	1.2950212955474854	397d4e9d696d5809
plates_GEN7_002	plates/GEN7/002	256	-0.2902252972126007	1.5800000429153442	246ec48516b8f166
plates_GEN7_003	plates/GEN7/003	256	-0.15492087602615356	1.374849796295166	8c3ed4863008ea50
plates_GEN7_004	plates/GEN7/004	256	0.0	1.3849529027938843	c0b258d09bb9309f
plates_GEN7_005	plates/GEN7/005	256	-0.10735154896974564	1.229828119277954	626b869e4fc4b43a
plates_GEN7_006	plates/GEN7/006	256	0.0	1.6661747694015503	69764be661fe07ca
plates_GEN7_007	plates/GEN7/007	256	0.0	1.3965409994125366	3c38eb1d241e73d8
plates_GEN7_008	plates/GEN7/008	256	-0.20185823738574982	1.3297114372253418	376e1f1398789e94
plates_GEN7_009	plates/GEN7/009	256	0.0	1.4004546403884888	9f3a9f469598fd66
plates_GEN7_010	plates/GEN7/010	256	0.0	1.5667524337768555	b748eda286d4d2c6
plates_GEN7_011	plates/GEN7/011	256	0.0	1.3329054117202759	fcd6a238bf768866
plates_GEN7_012	plates/GEN7/012	256	-0.3814479112625122	1.5800000429153442	cbb38568a2655974
plates_GEN7_013	plates/GEN7/013	256	-0.08556618541479111	1.404037356376648	556d55c5668efbbb
plates_GEN7_014	plates/GEN7/014	256	0.0	0.9463839530944824	7446630d8a1e9879
plates_GEN7_015	plates/GEN7/015	256	0.0	1.3410478830337524	379b10b56a3fb6b7
lines_GEN8_001	lines/GEN8/001	256	-0.02412625588476658	1.4369417428970337	b3c85495ba310d41
lines_GEN8_002	lines/GEN8/002	256	-1.6476733684539795	0.0	9dd9ee70f0b03ee8
lines_GEN8_003	lines/GEN8/003	256	-0.07811649143695831	1.3273873329162598	5dd85d697c650e5a
lines_GEN8_004	lines/GEN8/004	256	0.0	1.3601689338684082	ea551e7a86e49753
lines_GEN8_005	lines/GEN8/005	256	-0.8158386945724487	0.0	522216892fff9a9d
lines_GEN8_006	lines/GEN8/006	256	-0.9684954285621643	1.7856255769729614	1b4794cfb95a27d6
lines_GEN8_007	lines/GEN8/007	256	0.0	1.1915369033813477	be92f0de10aafdf2
lines_GEN8_008	lines/GEN8/008	256	0.0	1.734584093093872	5135aae244121c30
lines_GEN8_009	lines/GEN8/009	256	0.0	1.1839832067489624	9d21173bafa132c0
lines_GEN8_010	lines/GEN8/010	256	0.0	1.0800817012786865	04643ec9a6c28bd2
lines_GEN8_011	lines/GEN8/011	256	-0.7736354470252991	1.3630620241165161	b137ed2918a2a49b
lines_GEN8_012	lines/GEN8/012	256	-0.7375875115394592	1.3964430093765259	193bb0389a744092
lines_GEN8_013	lines/GEN8/013	256	-1.038508653640747	0.0	c4b9720791cefdbc
lines_GEN8_014	lines/GEN8/014	256	0.0	1.1616917848587036	9155c1dbc744e6ba
lines_GEN8_015	lines/GEN8/015	256	-0.8147878646850586	1.381007194519043	657bc1e12d2c215e
lines_GEN8_016	lines/GEN8/016	256	-1.1452819108963013	0.0	5372666cc3aa18bc
lines_GEN8_017	lines/GEN8/017	256	0.0	0.8174791932106018	d2c1747dfec5ba39
lines_GEN8_018	lines/GEN8/018	256	-0.8052477836608887	0.0	746afbabbc5310dc
lines_GEN8_019	lines/GEN8/019	256	-0.491194486618042	1.5808008909225464	fcb0f21eef0510c4
lines_GEN8_020	lines/GEN8/020	256	-0.8107075095176697	1.7159842252731323	543d0fc84e03a68d
plates_GEN8_001	plates/GEN8/001	256	-0.38192981481552124	1.5800000429153442	e1215c97a546411a
plates_GEN8_002	plates/GEN8/002	256	0.0	1.5213901996612549	947bb00fcbd6fbd6
plates_GEN8_003	plates/GEN8/003	256	0.0	2.0103070735931396	89588e372df2746c
plates_GEN8_004	plates/GEN8/004	256	0.0	1.3544305562973022	323d27871fe9ead2
plates_GEN8_005	plates/GEN8/005	256	0.0	1.5412440299987793	308c3a031cd9eece
plates_GEN8_006	plates/GEN8/006	256	0.0	1.068974494934082	051123da9f6c6524
plates_GEN8_007	plates/GEN8/007	256	0.0	1.3173052072525024	71861aed2a03735e
plates_GEN8_008	plates/GEN8/008	256	0.0	1.6590200662612915	d34ad792847fdcb3
plates_GEN8_009	plates/GEN8/009	256	0.0	1.4902085065841675	d170cee05f03d1dd
plates_GEN8_010	plates/GEN8/010	256	0.0	1.525710105895996	9979c25bbe755f75
plates_GEN8_011	plates/GEN8/011	256	0.0	1.6011697053909302	ca39d37cb254b1c9
plates_GEN8_012	plates/GEN8/012	256	0.0	1.5017883777618408	ee1067af18ec3cf0
plates_GEN8_013	plates/GEN8/013	256	0.0	1.4110175371170044	09321ae0bfdb3134
plates_GEN8_014	plates/GEN8/014	256	0.0	1.3835116624832153	f13ba03c7d553d34
plates_GEN8_015	plates/GEN8/015	256	-0.3439132571220398	1.4243626594543457	a95de91328dc3a75
plates_GEN9_001	plates/GEN9/001	256	0.0	1.0540622472763062	338d21da0374012f
plates_GEN9_002	plates/GEN9/002	256	0.0	1.3581572771072388	667296afeda9e9f7
plates_GEN9_003	plates/GEN9/003	256	0.0	1.1735681295394897	ca1afccc61ed500f
plates_GEN9_004	plates/GEN9/004	256	0.0	1.2672529220581055	9d85c96a63c4ed16
plates_GEN9_005	plates/GEN9/005	256	0.0	1.0117543935775757	a3caafc1dbb2b5cd
plates_GEN9_006	plates/GEN9/006	256	0.0	1.3657127618789673	dece4ec6a7a01eea
plates_GEN9_007	plates/GEN9/007	256	0.0	1.4353106021881104	52e693c37a284088
plates_GEN9_008	plates/GEN9/008	256	0.0	1.2581759691238403	1d1b665e82ee0793
plates_GEN9_009	plates/GEN9/009	256	0.0	1.6505048274993896	4d8941b7fbb01b9d
plates_GEN9_010	plates/GEN9/010	256	0.0	1.0525139570236206	9a82683951f7a916
plates_GEN9_011	plates/GEN9/011	256	0.0	1.3679970502853394	35dac778c2117922
plates_GEN9_012	plates/GEN9/012	256	0.0	1.3089675903320312	aeaa2f5c2628fe0c
plates_GEN9_013	plates/GEN9/013	256	-0.4343739151954651	1.5800000429153442	41377a65fc130330
plates_GEN9_014	plates/GEN9/014	256	0.0	1.2982064485549927	d8ebf6af26507cf8
plates_GEN9_015	plates/GEN9/015	256	0.0	1.3570623397827148	968a540736d3023f
plates_GEN9_016	plates/GEN9/016	256	0.0	1.2802984714508057	0eb608da7040787a
plates_GEN9_017	plates/GEN9/017	256	0.0	1.325392484664917	e6d677cd9ecc627f
plates_GEN9_018	plates/GEN9/018	256	0.0	0.9938679337501526	4edfe87d7b05effa
plates_GEN9_019	plates/GEN9/019	256	0.0	1.0993614196777344	3d9fb6295d6cb850
plates_GEN9_020	plates/GEN9/020	256	0.0	1.209802269935608	b0828e9f8f30691a
