idx	aimDeg	resolvedAimDeg	facingDeg	residual	partRotZ	muzzleX	muzzleY	paintedDirDeg	shotDeg	shotErr
0	0.000	0.000	0.000	0.000	0.000	0.3438	1.8704	1.146	360.000	0.0000
1	5.625	5.625	0.000	5.625	354.375	0.3968	1.8340	6.771	5.625	0.0000
2	11.250	11.250	0.000	11.250	348.750	0.4460	1.7926	12.396	11.250	0.0000
3	16.875	16.875	22.500	-5.625	5.625	0.6788	1.8004	14.174	16.875	0.0000
4	22.500	22.500	22.500	0.000	0.000	0.7234	1.7315	19.799	22.500	0.0000
5	28.125	28.125	22.500	5.625	354.375	0.7610	1.6586	25.424	28.125	0.0000
6	33.750	33.750	45.000	-11.250	11.250	0.8046	1.7109	34.580	33.750	0.0000
7	39.375	39.375	45.000	-5.625	5.625	0.8398	1.6301	40.205	39.375	0.0000
8	45.000	45.000	45.000	0.000	0.000	0.8669	1.5463	45.830	45.000	0.0000
9	50.625	50.625	45.000	5.625	354.375	0.8856	1.4602	51.455	50.625	0.0000
10	56.250	56.250	45.000	11.250	348.750	0.8959	1.3727	57.080	56.250	0.0000
11	61.875	61.875	67.500	-5.625	5.625	1.3485	1.7082	50.922	61.875	0.0000
12	67.500	67.500	67.500	0.000	0.000	1.3808	1.5741	56.547	67.500	0.0000
13	73.125	73.125	67.500	5.625	354.375	1.3998	1.4375	62.172	73.125	0.0000
14	78.750	78.750	90.000	-11.250	11.250	1.3053	1.2110	78.750	78.750	0.0000
15	84.375	84.375	90.000	-5.625	5.625	1.2891	1.0836	84.375	84.375	0.0000
16	90.000	90.000	90.000	0.000	0.000	1.2604	0.9583	90.000	90.000	0.0000
17	95.625	95.625	90.000	5.625	354.375	1.2196	0.8365	95.625	95.625	0.0000
18	101.250	101.250	90.000	11.250	348.750	1.1671	0.7192	101.250	101.250	0.0000
19	106.875	106.875	112.500	-5.625	5.625	0.7825	0.5592	103.815	106.875	0.0000
20	112.500	112.500	112.500	0.000	0.000	0.7049	0.4861	109.440	112.500	0.0000
21	118.125	118.125	112.500	5.625	354.375	0.6205	0.4210	115.065	118.125	0.0000
22	123.750	123.750	135.000	-11.250	11.250	0.8560	0.4561	121.872	123.750	0.0000
23	129.375	129.375	135.000	-5.625	5.625	0.7679	0.3763	127.497	129.375	0.0000
24	135.000	135.000	135.000	0.000	0.000	0.6725	0.3056	133.122	135.000	0.0000
25	140.625	140.625	135.000	5.625	354.375	0.5705	0.2445	138.747	140.625	0.0000
26	146.250	146.250	135.000	11.250	348.750	0.4631	0.1937	144.372	146.250	0.0000
27	151.875	151.875	157.500	-5.625	5.625	0.3733	0.1793	140.261	151.875	0.0000
28	157.500	157.500	157.500	0.000	0.000	0.2604	0.1481	145.886	157.500	0.0000
29	163.125	163.125	157.500	5.625	354.375	0.1450	0.1282	151.511	163.125	0.0000
30	168.750	168.750	180.000	-11.250	11.250	0.0729	0.0738	166.260	168.750	0.0000
31	174.375	174.375	180.000	-5.625	5.625	-0.0488	0.0726	171.885	174.375	0.0000
32	180.000	180.000	180.000	0.000	0.000	-0.1701	0.0833	177.510	180.000	0.0000
33	185.625	185.625	180.000	5.625	354.375	-0.2898	0.1059	183.135	185.625	0.0000
34	191.250	191.250	180.000	11.250	348.750	-0.4067	0.1401	188.760	191.250	0.0000
35	196.875	196.875	202.500	-5.625	5.625	-0.5457	0.2051	214.900	196.875	0.0000
36	202.500	202.500	202.500	0.000	0.000	-0.6516	0.2639	220.525	202.500	0.0000
37	208.125	208.125	202.500	5.625	354.375	-0.7513	0.3328	226.150	208.125	0.0000
38	213.750	213.750	225.000	-11.250	11.250	-0.7849	0.2099	217.117	213.750	0.0000
39	219.375	219.375	225.000	-5.625	5.625	-0.8892	0.2922	222.742	219.375	0.0000
40	225.000	225.000	225.000	0.000	0.000	-0.9850	0.3843	228.367	225.000	0.0000
41	230.625	230.625	225.000	5.625	354.375	-1.0712	0.4853	233.992	230.625	0.0000
42	236.250	236.250	225.000	11.250	348.750	-1.1471	0.5943	239.617	236.250	0.0000
43	241.875	241.875	247.500	-5.625	5.625	-0.5574	0.4179	253.324	241.875	0.0000
44	247.500	247.500	247.500	0.000	0.000	-0.6424	0.4769	258.949	247.500	0.0000
45	253.125	253.125	247.500	5.625	354.375	-0.7212	0.5438	264.574	253.125	0.0000
46	258.750	258.750	270.000	-11.250	11.250	-1.0822	0.7550	258.034	258.750	0.0000
47	264.375	264.375	270.000	-5.625	5.625	-1.1316	0.8638	263.659	264.375	0.0000
48	270.000	270.000	270.000	0.000	0.000	-1.1701	0.9769	269.284	270.000	0.0000
49	275.625	275.625	270.000	5.625	354.375	-1.1974	1.0932	274.909	275.625	0.0000
50	281.250	281.250	270.000	11.250	348.750	-1.2131	1.2116	280.534	281.250	0.0000
51	286.875	286.875	292.500	-5.625	5.625	-0.9523	1.2629	289.721	286.875	0.0000
52	292.500	292.500	292.500	0.000	0.000	-0.9525	1.3565	295.346	292.500	0.0000
53	298.125	298.125	292.500	5.625	354.375	-0.9436	1.4496	300.971	298.125	0.0000
54	303.750	303.750	315.000	-11.250	11.250	-0.6203	1.3756	296.428	303.750	0.0000
55	309.375	309.375	315.000	-5.625	5.625	-0.6111	1.4361	302.053	309.375	0.0000
56	315.000	315.000	315.000	0.000	0.000	-0.5961	1.4954	307.678	315.000	0.0000
57	320.625	320.625	315.000	5.625	354.375	-0.5753	1.5529	313.303	320.625	0.0000
58	326.250	326.250	315.000	11.250	348.750	-0.5489	1.6081	318.928	326.250	0.0000
59	331.875	331.875	337.500	-5.625	5.625	-0.5855	1.6014	333.069	331.875	0.0000
60	337.500	337.500	337.500	0.000	0.000	-0.5544	1.6574	338.694	337.500	0.0000
61	343.125	343.125	337.500	5.625	354.375	-0.5179	1.7101	344.319	343.125	0.0000
62	348.750	348.750	0.000	-11.250	11.250	0.2283	1.9267	349.896	348.750	0.0000
63	354.375	354.375	0.000	-5.625	5.625	0.2874	1.9014	355.521	354.375	0.0000
