case	frames	maxDiff	perFrameDiff	baselineLit	note
ArcBurst.ghostDeepLo @ trunks+6, ghostDeepP=0 (default)	8	0	0·0·0·0·0·0·0·0	0·678·1183·1446·1487·1410·1151·0	expected 0 — deep guard shut
ArcBurst.ghostDeepLo @ trunks+6, ghostDeepP=0.9	8	549	0·245·421·522·549·480·250·0	0·655·1139·1382·1430·1343·991·0	deep guard opened
ArcBurst.ghostDeepHi @ trunks+6, ghostDeepP=0.9	8	681	0·306·552·632·681·603·410·0	0·655·1139·1382·1430·1343·991·0	deep guard opened
ArcBurst.ghostDeepLo @ layout=Core (ghostDeepP ships 0.18)	8	331	0·191·257·206·324·331·234·0	0·591·901·1097·1360·1178·964·0	no edit but the layout
ArcBurst.cage.coolK @ Cage defaults, 16-frame document	16	455	0·0·0·0·0·0·0·0·0·0·0·0·0·0·455·0	0·407·591·828·1090·1257·1560·1739·1985·2121·1955·1941·1376·1283·796·0	coolStart 0.88 — frame 15/15 only? 
ArcBurst.cage.coolK @ Cage defaults, 32-frame document	32	438	0·0·0·0·0·0·0·0·0·0·0·0·0·0·0·0·0·0·0·0·0·0·0·0·0·0·0·0·410·438·172·0	0·261·354·500·597·676·810·904·1059·1125·1359·1407·1500·1604·1868·1808·1967·2148·2125·2059·1964·1925·1923·1686·1635·1563·1434·1401·1165·762·213·0	
PlasmaBloom.mode @ lobes=4, plumeAmp=1.2	8	1529	0·966·1351·1529·1430·983·355·0	0·1469·1494·1689·1495·842·218·0	Plume finally has a tongue to add
PlasmaBloom.mode @ lobes=4, lobeAmp=0.8 (Bloom's own lobe gate)	8	1290	0·1285·1188·1290·1096·685·195·0	0·1105·1372·1597·1432·773·193·0	the OTHER branch differs
PlasmaBloom.plumeReach @ Plume, lobes=4, plumeAmp=1.2	8	2024	0·1739·1940·2024·1991·1471·615·0	0·1469·1525·1732·1625·1026·289·0	
PlasmaBloom.plumeW @ Plume, lobes=4, plumeAmp=1.2	8	1991	0·1657·1770·1983·1991·1529·639·0	0·1469·1525·1732·1625·1026·289·0	
PlasmaBloom.gateGain @ Plume, lobes=4, plumeAmp=1.2, Noise	8	1688	0·1039·1492·1688·1568·1057·424·0	0·1469·1545·1747·1634·1039·313·0	
PlasmaBloom.gateGain @ Bloom, lobes=4, lobeAmp=0.8, Noise	8	1394	0·1113·1166·1394·1212·728·185·0	0·1157·1384·1603·1421·790·199·0	
ForkBlast.flash 0.7 -> 0	8	0	0·0·0·0·0·0·0·0	0·1799·3309·3376·1410·0·0·0	how long must the clip be for the 12% window to contain a frame?
ForkBlast.flash 0.7 -> 0	16	936	0·936·0·0·0·0·0·0·0·0·0·0·0·0·0·0	0·925·1663·2519·3186·3466·3450·3126·2212·615·0·0·0·0·0·0	how long must the clip be for the 12% window to contain a frame?
ForkBlast.flash 0.7 -> 0	32	952	0·824·952·85·0·0·0·0·0·0·0·0·0·0·0·0·0·0·0·0·0·0·0·0·0·0·0·0·0·0·0·0	0·680·919·1175·1606·2036·2444·2817·3115·3330·3446·3486·3477·3411·3237·2942·2492·1980·1139·226·0·0·0·0·0·0·0·0·0·0·0·0	how long must the clip be for the 12% window to contain a frame?
ForkBlast.flash 0.7 -> 0	64	952	0·680·820·936·952·788·183·0·0·0·0·0·0·0·0·0·0·0·0·0·0·0·0·0·0·0·0·0·0·0·0·0·0·0·0·0·0·0·0·0·0·0·0·0·0·0·0·0·0·0·0·0·0·0·0·0·0·0·0·0·0·0·0·0	0·460·656·820·918·963·1155·1365·1571·1799·2002·2202·2410·2606·2783·2944·3087·3213·3309·3379·3432·3466·3482·3493·3479·3458·3425·3376·3291·3184·3020·2831·2606·2370·2108·1850·1410·969·504·126·0·0·0·0·0·0·0·0·0·0·0·0·0·0·0·0·0·0·0·0·0·0·0·0	how long must the clip be for the 12% window to contain a frame?
ForkBlast.opacity @ a Shape Fill with alpha 0.5	8	0	0·0·0·0·0·0·0·0	0·1799·3309·3376·1410·0·0·0	0.55 -> 1.5
ForkBlast.opacity @ the default Solid white fill (alpha 1)	8	0	0·0·0·0·0·0·0·0	0·1799·3309·3376·1410·0·0·0	restored — expected 0
