form	path	verdict	openedBy	pixels
InfernoForm	hollowRim	OPENED-BY	hollow	1795
InfernoForm	linger	MOVES-ALREADY		41
OrbForm	emberdrift.ramp	NO-SINGLE-SIBLING		0 (tried 27 siblings)
TorchForm	emberbed.rh	NO-SINGLE-SIBLING		0 (tried 27 siblings)
TorchForm	emberbed.pulseSkew	NO-SINGLE-SIBLING		0 (tried 27 siblings)
TorchForm	emberbed.pulseSharp	NO-SINGLE-SIBLING		0 (tried 27 siblings)
TorchForm	emberbed.rh	NO-SINGLE-SIBLING		0 (tried 27 siblings)
TorchForm	emberbed.pulseSkew	NO-SINGLE-SIBLING		0 (tried 27 siblings)
TorchForm	emberbed.pulseSharp	NO-SINGLE-SIBLING		0 (tried 27 siblings)
RadialJetForm	corona.ramp	NO-SINGLE-SIBLING		0 (tried 27 siblings)
RadialJetForm	corona.sootRamp	NO-SINGLE-SIBLING		0 (tried 27 siblings)
RadialJetForm	whirl.soot	NO-SINGLE-SIBLING		0 (tried 27 siblings)
RadialJetForm	whirl.sootLo	NO-SINGLE-SIBLING		0 (tried 27 siblings)
RadialJetForm	whirl.sootHi	NO-SINGLE-SIBLING		0 (tried 27 siblings)
ExplosiveJetForm	detonate.ramp	NO-SINGLE-SIBLING		0 (tried 27 siblings)
ExplosiveJetForm	detonate.sootRamp	NO-SINGLE-SIBLING		0 (tried 27 siblings)
ExplosiveJetForm	detonate.flash.radius	OPENED-BY	life	97
ExplosiveJetForm	detonate.flash.amp	OPENED-BY	life	90
ExplosiveJetForm	detonate.flash.grow	OPENED-BY	life	105
ExplosiveJetForm	detonate.flash.elong	OPENED-BY	life	184
ExplosiveJetForm	fuelair.soot	NO-SINGLE-SIBLING		0 (tried 27 siblings)
ExplosiveJetForm	fuelair.sootLo	NO-SINGLE-SIBLING		0 (tried 27 siblings)
ExplosiveJetForm	fuelair.sootHi	NO-SINGLE-SIBLING		0 (tried 27 siblings)
ExplosiveJetForm	fuelair.fracture2.at	NO-SINGLE-SIBLING		0 (tried 7 siblings)
ExplosiveJetForm	fuelair.fracture2.open	NO-SINGLE-SIBLING		0 (tried 7 siblings)
ExplosiveJetForm	fuelair.fracture2.cut	NO-SINGLE-SIBLING		0 (tried 7 siblings)
ExplosiveJetForm	fuelair.fracture2.kick	NO-SINGLE-SIBLING		0 (tried 7 siblings)
ExplosiveJetForm	fuelair.fracture2.drift	NO-SINGLE-SIBLING		0 (tried 7 siblings)
ExplosiveJetForm	fuelair.fracture2.spin	NO-SINGLE-SIBLING		0 (tried 7 siblings)
ExplosiveJetForm	fuelair.fracture2.stagger	NO-SINGLE-SIBLING		0 (tried 7 siblings)
ExplosiveJetForm	fuelair.chunks.radius	NO-SINGLE-SIBLING		0 (tried 8 siblings)
ExplosiveJetForm	fuelair.chunks.reach	NO-SINGLE-SIBLING		0 (tried 8 siblings)
ExplosiveJetForm	fuelair.chunks.drag	NO-SINGLE-SIBLING		0 (tried 8 siblings)
ExplosiveJetForm	fuelair.chunks.life	NO-SINGLE-SIBLING		0 (tried 8 siblings)
ExplosiveJetForm	fuelair.chunks.sag	NO-SINGLE-SIBLING		0 (tried 8 siblings)
ExplosiveJetForm	fuelair.chunks.trail	NO-SINGLE-SIBLING		0 (tried 8 siblings)
ExplosiveJetForm	fuelair.chunks.amp	NO-SINGLE-SIBLING		0 (tried 8 siblings)
ExplosiveJetForm	fuelair.chunks.wide	NO-SINGLE-SIBLING		0 (tried 8 siblings)
ExplosiveJetForm	fuelair.gobs.radius	NO-SINGLE-SIBLING		0 (tried 10 siblings)
ExplosiveJetForm	fuelair.gobs.reach	NO-SINGLE-SIBLING		0 (tried 10 siblings)
ExplosiveJetForm	fuelair.gobs.drag	NO-SINGLE-SIBLING		0 (tried 10 siblings)
ExplosiveJetForm	fuelair.gobs.life	NO-SINGLE-SIBLING		0 (tried 10 siblings)
ExplosiveJetForm	fuelair.gobs.amp	NO-SINGLE-SIBLING		0 (tried 10 siblings)
ExplosiveJetForm	fuelair.gobs.swell	NO-SINGLE-SIBLING		0 (tried 10 siblings)
ExplosiveJetForm	fuelair.gobs.sag	NO-SINGLE-SIBLING		0 (tried 10 siblings)
ExplosiveJetForm	fuelair.gobs.wide	NO-SINGLE-SIBLING		0 (tried 10 siblings)
ExplosiveJetForm	fuelair.gobs.early	NO-SINGLE-SIBLING		0 (tried 10 siblings)
ExplosiveJetForm	fuelair.gobs.trail	NO-SINGLE-SIBLING		0 (tried 10 siblings)
ExplosiveJetForm	lash.blasts[1].offX	NO-SINGLE-SIBLING		0 (tried 4 siblings)
ExplosiveJetForm	lash.blasts[1].offY	NO-SINGLE-SIBLING		0 (tried 4 siblings)
ExplosiveJetForm	muzzle.fracture.at	NO-SINGLE-SIBLING		0 (tried 11 siblings)
ExplosiveJetForm	muzzle.fracture.open	NO-SINGLE-SIBLING		0 (tried 11 siblings)
ExplosiveJetForm	muzzle.fracture.kick	NO-SINGLE-SIBLING		0 (tried 11 siblings)
ExplosiveJetForm	muzzle.fracture.spin	NO-SINGLE-SIBLING		0 (tried 11 siblings)
ExplosiveJetForm	muzzle.fracture.grip	NO-SINGLE-SIBLING		0 (tried 11 siblings)
ExplosiveJetForm	muzzle.fracture.rot	NO-SINGLE-SIBLING		0 (tried 11 siblings)
ExplosiveJetForm	muzzle.fracture.drift	NO-SINGLE-SIBLING		0 (tried 11 siblings)
ExplosiveJetForm	muzzle.fracture.stagger	NO-SINGLE-SIBLING		0 (tried 11 siblings)
ExplosiveJetForm	muzzle.fracture.cut	NO-SINGLE-SIBLING		0 (tried 11 siblings)
ExplosiveJetForm	muzzle.fracture.body	NO-SINGLE-SIBLING		0 (tried 11 siblings)
ExplosiveJetForm	muzzle.fracture2.chance	NO-SINGLE-SIBLING		0 (tried 7 siblings)
ExplosiveJetForm	muzzle.dust.count	NO-SINGLE-SIBLING		0 (tried 13 siblings)
ExplosiveJetForm	muzzle.dust.trail	NO-SINGLE-SIBLING		0 (tried 13 siblings)
JetForm	lance.soot	NO-SINGLE-SIBLING		0 (tried 27 siblings)
JetForm	lance.shedKick	NO-SINGLE-SIBLING		0 (tried 27 siblings)
JetForm	lance.shedLife	NO-SINGLE-SIBLING		0 (tried 27 siblings)
JetForm	lance.ramp	NO-SINGLE-SIBLING		0 (tried 27 siblings)
JetForm	lance.sootRamp	NO-SINGLE-SIBLING		0 (tried 27 siblings)
JetForm	lance.sootLo	NO-SINGLE-SIBLING		0 (tried 27 siblings)
JetForm	lance.sootHi	NO-SINGLE-SIBLING		0 (tried 27 siblings)
