family	source	frame	visibleDiff	exactDiff	maxCh	covPyre	covShaper
Legacy shape	Disc	0	0	0	0	0	0
Legacy shape	Disc	4	0	0	0	1280	1280
Legacy shape	Disc	7	0	0	0	0	0
Legacy shape	Gem	0	0	0	0	0	0
Legacy shape	Gem	4	0	0	0	1488	1488
Legacy shape	Gem	7	0	0	0	0	0
Legacy shape	Crescent	0	0	0	0	0	0
Legacy shape	Crescent	4	0	0	0	896	896
Legacy shape	Crescent	7	0	0	0	0	0
Legacy shape	Sparkle	0	0	0	0	0	0
Legacy shape	Sparkle	4	0	0	0	453	453
Legacy shape	Sparkle	7	0	0	0	0	0
Legacy shape	Sprite	0	0	0	0	0	0
Legacy shape	Sprite	4	0	0	0	1280	1280
Legacy shape	Sprite	7	0	0	0	0	0
Legacy shape	Box	0	0	0	0	0	0
Legacy shape	Box	4	0	0	0	2980	2980
Legacy shape	Box	7	0	0	0	0	0
Legacy shape	Pyramid	0	0	0	0	0	0
Legacy shape	Pyramid	4	0	0	0	1492	1492
Legacy shape	Pyramid	7	0	0	0	0	0
Legacy shape	Can	0	0	0	0	0	0
Legacy shape	Can	4	0	0	0	2472	2472
Legacy shape	Can	7	0	0	0	0	0
Legacy shape	Orb	0	0	0	0	0	0
Legacy shape	Orb	4	0	0	0	1916	1916
Legacy shape	Orb	7	0	0	0	0	0
Legacy shape	Ring	0	0	0	0	0	0
Legacy shape	Ring	4	0	0	0	1708	1708
Legacy shape	Ring	7	0	0	0	0	0
Legacy shape	Text	0	0	0	0	0	0
Legacy shape	Text	4	0	0	0	351	351
Legacy shape	Text	7	0	0	0	0	0
Legacy shape	Streak	0	0	0	0	0	0
Legacy shape	Streak	4	0	0	0	48	48
Legacy shape	Streak	7	0	0	0	0	0
Legacy shape	Star	0	0	0	0	0	0
Legacy shape	Star	4	0	0	0	452	452
Legacy shape	Star	7	0	0	0	0	0
Legacy shape	Fire	0	0	0	0	0	0
Legacy shape	Fire	4	0	0	0	52	52
Legacy shape	Fire	7	0	0	0	0	0
Legacy shape	Fireball	0	0	0	0	0	0
Legacy shape	Fireball	4	0	0	0	163	163
Legacy shape	Fireball	7	0	0	0	0	0
Legacy shape	Polygon	0	0	0	0	0	0
Legacy shape	Polygon	4	0	0	0	784	784
Legacy shape	Polygon	7	0	0	0	0	0
Legacy shape	Inferno	0	0	0	0	0	0
Legacy shape	Inferno	4	0	0	0	1280	1280
Legacy shape	Inferno	7	0	0	0	0	0
Legacy shape	ForkBlast	0	0	0	0	0	0
Legacy shape	ForkBlast	4	0	0	0	1280	1280
Legacy shape	ForkBlast	7	0	0	0	0	0
Legacy shape	Playback3D	0	0	0	0	0	0
Legacy shape	Playback3D	4	0	0	0	0	0
Legacy shape	Playback3D	7	0	0	0	0	0
