side,family,files,ui_evidence_files,surfaces,renderer_evidence,static_style_assignment_candidates,class_assignment_candidates,status
Editor,AssetKit,19,9,4,ZUI / IMGUI=3; mixed UI Toolkit + IMGUI=3; IMGUI=2; unknown / no renderer evidence=1,17,7,surface(s) inventoried
Editor,BackSplash,7,7,1,mixed UI Toolkit + IMGUI=3; unknown / no renderer evidence=2; IMGUI=1; ZUI / IMGUI=1,18,0,surface(s) inventoried
Editor,Cabinets,2,2,1,UI Toolkit=1; unknown / no renderer evidence=1,1,0,surface(s) inventoried
Editor,Caching,2,1,0,unknown / no renderer evidence=1,0,0,UI evidence but no named surface
Editor,Cartographer,7,6,5,mixed UI Toolkit + IMGUI=3; UI Toolkit=2; unknown / no renderer evidence=1,210,1,surface(s) inventoried
Editor,Choreographer,3,2,1,unknown / no renderer evidence=1; UI Toolkit=1,27,1,surface(s) inventoried
Editor,Chunks,25,18,16,UI Toolkit=15; unknown / no renderer evidence=2; mixed UI Toolkit + IMGUI=1,104,5,surface(s) inventoried
Editor,ChunksZounds,2,0,0,no UI evidence,0,0,no UI evidence / unknown by lexical screening
Editor,Daemon,2,1,2,IMGUI=1,0,0,surface(s) inventoried
Editor,Dashboard,4,1,1,IMGUI=1,0,0,surface(s) inventoried
Editor,DotGen,7,6,5,UI Toolkit=3; unknown / no renderer evidence=1; IMGUI=1; mixed UI Toolkit + IMGUI=1,91,8,surface(s) inventoried
Editor,GraphViewKit,2,1,0,UI Toolkit=1,45,0,UI evidence but no named surface
Editor,Larder,4,2,1,unknown / no renderer evidence=1; UI Toolkit=1,29,0,surface(s) inventoried
Editor,Lathe,11,8,7,mixed UI Toolkit + IMGUI=3; UI Toolkit=3; unknown / no renderer evidence=1; custom painter=1,31,5,surface(s) inventoried
Editor,Launimator,32,10,12,mixed UI Toolkit + IMGUI=4; IMGUI=3; UI Toolkit=2; unknown / no renderer evidence=1,115,5,surface(s) inventoried
Editor,LaunimatorZounds,2,0,0,no UI evidence,0,0,no UI evidence / unknown by lexical screening
Editor,Lazor,7,5,4,mixed UI Toolkit + IMGUI=2; unknown / no renderer evidence=1; ZUI / IMGUI=1; IMGUI=1,29,1,surface(s) inventoried
Editor,Loom,2,1,1,UI Toolkit=1,16,0,surface(s) inventoried
Editor,Mirage,3,2,1,unknown / no renderer evidence=1; mixed UI Toolkit + IMGUI=1,29,1,surface(s) inventoried
Editor,Notifyer,2,1,1,IMGUI=1,0,0,surface(s) inventoried
Editor,Overture,3,2,1,IMGUI=2,0,0,surface(s) inventoried
Editor,PreviewKit,2,1,0,IMGUI=1,0,0,UI evidence but no named surface
Editor,Pyre,13,9,6,UI Toolkit=4; unknown / no renderer evidence=2; IMGUI=1; mixed UI Toolkit + IMGUI=1; ZUI / IMGUI=1,104,13,surface(s) inventoried
Editor,Rulesets,2,2,1,UI Toolkit=1; unknown / no renderer evidence=1,25,4,surface(s) inventoried
Editor,SimpleMenu,5,4,5,IMGUI=4,0,0,surface(s) inventoried
Editor,SimpleUI,5,3,5,IMGUI=2; uGUI=1,0,0,surface(s) inventoried
Editor,SmartStats,14,10,0,IMGUI=10,0,0,UI evidence but no named surface
Editor,SpriteFx,9,7,4,UI Toolkit=6; unknown / no renderer evidence=1,70,2,surface(s) inventoried
Editor,StatefulUI,4,3,2,IMGUI=3,0,0,surface(s) inventoried
Editor,Story,4,2,3,IMGUI=2,0,0,surface(s) inventoried
Editor,Tapestry,7,6,5,UI Toolkit=3; unknown / no renderer evidence=1; mixed UI Toolkit + IMGUI=1; IMGUI=1,17,3,surface(s) inventoried
Editor,TextSplash,6,2,1,unknown / no renderer evidence=1; mixed UI Toolkit + IMGUI=1,13,0,surface(s) inventoried
Editor,VisionMask,5,0,0,no UI evidence,0,0,no UI evidence / unknown by lexical screening
Editor,WorldSpaceUINavigation,2,0,1,no UI evidence,0,0,surface(s) inventoried
Editor,Zoetrope,12,3,5,UI Toolkit=1; unknown / no renderer evidence=1; mixed UI Toolkit + IMGUI=1,53,3,surface(s) inventoried
Editor,ZoetropeLaunimator,5,4,1,ZUI / IMGUI=2; IMGUI=1; unknown / no renderer evidence=1,0,0,surface(s) inventoried
Editor,ZoetropeZounds,2,0,0,no UI evidence,0,0,no UI evidence / unknown by lexical screening
Editor,Zounds,114,79,25,ZUI / IMGUI=31; UI Toolkit=15; mixed UI Toolkit + IMGUI=15; IMGUI=14; unknown / no renderer evidence=4,1027,306,surface(s) inventoried
Other,Samples~,100,14,0,IMGUI=6; uGUI=6; ZUI / IMGUI=1; unknown / no renderer evidence=1,0,0,UI evidence but no named surface
Other,Zui,158,158,15,UI Toolkit=61; ZUI / IMGUI=44; unknown / no renderer evidence=35; mixed UI Toolkit + IMGUI=18,768,194,surface(s) inventoried
Runtime,BackSplash,3,1,0,IMGUI=1,0,0,UI evidence but no named surface
Runtime,Cabinets,4,0,0,no UI evidence,0,0,no UI evidence / unknown by lexical screening
Runtime,Caching,2,0,0,no UI evidence,0,0,no UI evidence / unknown by lexical screening
Runtime,Cartographer,22,0,0,no UI evidence,0,0,no UI evidence / unknown by lexical screening
Runtime,Choreographer,5,0,0,no UI evidence,0,0,no UI evidence / unknown by lexical screening
Runtime,Chunks,38,8,0,unknown / no renderer evidence=8,0,0,UI evidence but no named surface
Runtime,ChunksZounds,2,0,0,no UI evidence,0,0,no UI evidence / unknown by lexical screening
Runtime,Combat2D,18,0,0,no UI evidence,0,0,no UI evidence / unknown by lexical screening
Runtime,Cookbook,5,0,0,no UI evidence,0,0,no UI evidence / unknown by lexical screening
Runtime,Daemon,5,0,0,no UI evidence,0,0,no UI evidence / unknown by lexical screening
Runtime,Dashboard,5,0,0,no UI evidence,0,0,no UI evidence / unknown by lexical screening
Runtime,DotGen,13,7,0,unknown / no renderer evidence=7,0,0,UI evidence but no named surface
Runtime,InputGuide,5,3,1,unknown / no renderer evidence=2; ZUI / IMGUI=1,0,0,surface(s) inventoried
Runtime,Larder,8,0,0,no UI evidence,0,0,no UI evidence / unknown by lexical screening
Runtime,Lathe,28,3,0,unknown / no renderer evidence=3,0,0,UI evidence but no named surface
Runtime,Lattice,6,0,0,no UI evidence,0,0,no UI evidence / unknown by lexical screening
Runtime,LatticeLines,2,0,0,no UI evidence,0,0,no UI evidence / unknown by lexical screening
Runtime,LatticePixels,4,0,0,no UI evidence,0,0,no UI evidence / unknown by lexical screening
Runtime,LauminaryCombat,2,0,0,no UI evidence,0,0,no UI evidence / unknown by lexical screening
Runtime,Launimator,14,1,0,IMGUI=1,0,0,UI evidence but no named surface
Runtime,LaunimatorZounds,2,0,0,no UI evidence,0,0,no UI evidence / unknown by lexical screening
Runtime,Layering,2,0,0,no UI evidence,0,0,no UI evidence / unknown by lexical screening
Runtime,Lazor,7,0,0,no UI evidence,0,0,no UI evidence / unknown by lexical screening
Runtime,Loom,5,0,0,no UI evidence,0,0,no UI evidence / unknown by lexical screening
Runtime,Mirage,10,2,2,unknown / no renderer evidence=1; ZUI / IMGUI=1,0,0,surface(s) inventoried
Runtime,Monolith,3,1,3,UI Toolkit=1,0,0,surface(s) inventoried
Runtime,Notifyer,2,0,0,no UI evidence,0,0,no UI evidence / unknown by lexical screening
Runtime,Overlapper,2,0,0,no UI evidence,0,0,no UI evidence / unknown by lexical screening
Runtime,Overture,5,1,1,uGUI=1,0,0,surface(s) inventoried
Runtime,PixelScale,5,1,2,IMGUI=1,0,0,surface(s) inventoried
Runtime,Pocket,2,0,0,no UI evidence,0,0,no UI evidence / unknown by lexical screening
Runtime,Pooling,2,0,0,no UI evidence,0,0,no UI evidence / unknown by lexical screening
Runtime,PreviewKit,3,0,0,no UI evidence,0,0,no UI evidence / unknown by lexical screening
Runtime,Pyre,50,26,0,unknown / no renderer evidence=26,0,0,UI evidence but no named surface
Runtime,Qullection,2,0,0,no UI evidence,0,0,no UI evidence / unknown by lexical screening
Runtime,Randomizers,2,0,0,no UI evidence,0,0,no UI evidence / unknown by lexical screening
Runtime,Rulesets,8,1,0,unknown / no renderer evidence=1,0,0,UI evidence but no named surface
Runtime,SaveGame,5,0,0,no UI evidence,0,0,no UI evidence / unknown by lexical screening
Runtime,SceneDirector,2,0,0,no UI evidence,0,0,no UI evidence / unknown by lexical screening
Runtime,SimpleMenu,19,4,4,uGUI=4,0,0,surface(s) inventoried
Runtime,SimpleUI,21,1,2,uGUI=1,0,0,surface(s) inventoried
Runtime,SmartStats,28,0,0,no UI evidence,0,0,no UI evidence / unknown by lexical screening
Runtime,SpriteFx,23,15,0,unknown / no renderer evidence=15,0,0,UI evidence but no named surface
Runtime,StatefulUI,5,1,1,uGUI=1,0,0,surface(s) inventoried
Runtime,Story,9,0,0,no UI evidence,0,0,no UI evidence / unknown by lexical screening
Runtime,Switcheroo,2,0,0,no UI evidence,0,0,no UI evidence / unknown by lexical screening
Runtime,Tapestry,9,3,0,unknown / no renderer evidence=3,0,0,UI evidence but no named surface
Runtime,TextSplash,5,4,1,uGUI=2; unknown / no renderer evidence=2,0,0,surface(s) inventoried
Runtime,Ticker,2,0,0,no UI evidence,0,0,no UI evidence / unknown by lexical screening
Runtime,UI,2,1,1,uGUI=1,0,0,surface(s) inventoried
Runtime,VectorRendering,2,0,0,no UI evidence,0,0,no UI evidence / unknown by lexical screening
Runtime,VisionMask,4,0,0,no UI evidence,0,0,no UI evidence / unknown by lexical screening
Runtime,VisualDebug3D,5,0,0,no UI evidence,0,0,no UI evidence / unknown by lexical screening
Runtime,WorldSpaceUINavigation,6,3,3,uGUI=3,0,0,surface(s) inventoried
Runtime,ZoeCharacter,7,0,0,no UI evidence,0,0,no UI evidence / unknown by lexical screening
Runtime,Zoetrope,55,2,0,unknown / no renderer evidence=1; IMGUI=1,0,0,UI evidence but no named surface
Runtime,ZoetropeDaemon,2,0,0,no UI evidence,0,0,no UI evidence / unknown by lexical screening
Runtime,ZoetropeLaunimator,13,0,0,no UI evidence,0,0,no UI evidence / unknown by lexical screening
Runtime,ZoetropePyre,6,0,0,no UI evidence,0,0,no UI evidence / unknown by lexical screening
Runtime,ZoetropeZoeCharacter,2,0,0,no UI evidence,0,0,no UI evidence / unknown by lexical screening
Runtime,ZoetropeZounds,2,0,0,no UI evidence,0,0,no UI evidence / unknown by lexical screening
Runtime,Zounds,58,6,0,unknown / no renderer evidence=6,0,0,UI evidence but no named surface
