family_owner,current_evidence,named_surface_records,migration_route,baseline_skin,known_holes,held_deprecated_status,later_acceptance_needed,baseline_identity
Editor/AssetKit,ZUI / IMGUI=3; mixed UI Toolkit + IMGUI=3; IMGUI=2; unknown / no renderer evidence=1,4,Toolkit separation with legacy adapter boundary,known: Toolkit stylesheet/class hook; known: ZUI or legacy style state; unknown: inspect visual path,2 named popover(s): separate root/skin attachment must be checked,source text may mention legacy/held/retained; no exclusion inferred,whole-task functional and visual baseline comparison; populated/empty/disabled/selected/focused/hovered/dragging/error states; menu/popover/context-root coverage,immutable Git blob baseline 9eb3d9cfcf738508bc3ac1e6f7932cefcf20500b
Editor/BackSplash,mixed UI Toolkit + IMGUI=3; unknown / no renderer evidence=2; IMGUI=1; ZUI / IMGUI=1,1,Toolkit separation with legacy adapter boundary,known: ZUI or legacy style state,menus/context menus/overlays still require explicit reconciliation,source text may mention legacy/held/retained; no exclusion inferred,whole-task functional and visual baseline comparison; populated/empty/disabled/selected/focused/hovered/dragging/error states; menu/popover/context-root coverage,immutable Git blob baseline 9eb3d9cfcf738508bc3ac1e6f7932cefcf20500b
Editor/Cabinets,UI Toolkit=1; unknown / no renderer evidence=1,1,Toolkit separation,known: ZUI or legacy style state,menus/context menus/overlays still require explicit reconciliation,source text may mention legacy/held/retained; no exclusion inferred,whole-task functional and visual baseline comparison; populated/empty/disabled/selected/focused/hovered/dragging/error states; menu/popover/context-root coverage,immutable Git blob baseline 9eb3d9cfcf738508bc3ac1e6f7932cefcf20500b
Editor/Caching,unknown / no renderer evidence=1,0,no UI / unknown: needs owner confirmation,unknown: no named surface classification,"no named surface from lexical scan; menus, overlays, inspectors and runtime consumers still need reconciliation",source text may mention legacy/held/retained; no exclusion inferred,whole-task functional and visual baseline comparison; populated/empty/disabled/selected/focused/hovered/dragging/error states; menu/popover/context-root coverage,immutable Git blob baseline 9eb3d9cfcf738508bc3ac1e6f7932cefcf20500b
Editor/Cartographer,mixed UI Toolkit + IMGUI=3; UI Toolkit=2; unknown / no renderer evidence=1,5,Toolkit separation with legacy adapter boundary,known: Toolkit stylesheet/class hook; known: ZUI or legacy style state,menus/context menus/overlays still require explicit reconciliation,source text may mention legacy/held/retained; no exclusion inferred,whole-task functional and visual baseline comparison; populated/empty/disabled/selected/focused/hovered/dragging/error states; menu/popover/context-root coverage,immutable Git blob baseline 9eb3d9cfcf738508bc3ac1e6f7932cefcf20500b
Editor/Choreographer,unknown / no renderer evidence=1; UI Toolkit=1,1,Toolkit separation,known: Toolkit stylesheet/class hook,menus/context menus/overlays still require explicit reconciliation,source text may mention legacy/held/retained; no exclusion inferred,whole-task functional and visual baseline comparison; populated/empty/disabled/selected/focused/hovered/dragging/error states; menu/popover/context-root coverage,immutable Git blob baseline 9eb3d9cfcf738508bc3ac1e6f7932cefcf20500b
Editor/Chunks,UI Toolkit=15; unknown / no renderer evidence=2; mixed UI Toolkit + IMGUI=1,16,Toolkit separation with legacy adapter boundary,known: Toolkit stylesheet/class hook; known: ZUI or legacy style state,menus/context menus/overlays still require explicit reconciliation,source text may mention legacy/held/retained; no exclusion inferred,whole-task functional and visual baseline comparison; populated/empty/disabled/selected/focused/hovered/dragging/error states; menu/popover/context-root coverage,immutable Git blob baseline 9eb3d9cfcf738508bc3ac1e6f7932cefcf20500b
Editor/ChunksZounds,no UI evidence,0,no UI / unknown: needs owner confirmation,unknown: no named surface classification,"no named surface from lexical scan; menus, overlays, inspectors and runtime consumers still need reconciliation",source text may mention legacy/held/retained; no exclusion inferred,whole-task functional and visual baseline comparison; populated/empty/disabled/selected/focused/hovered/dragging/error states; menu/popover/context-root coverage,immutable Git blob baseline 9eb3d9cfcf738508bc3ac1e6f7932cefcf20500b
Editor/Daemon,IMGUI=1,2,legacy editor port / adapter decision,unknown: inspect visual path,menus/context menus/overlays still require explicit reconciliation,source text may mention legacy/held/retained; no exclusion inferred,whole-task functional and visual baseline comparison; populated/empty/disabled/selected/focused/hovered/dragging/error states; menu/popover/context-root coverage,immutable Git blob baseline 9eb3d9cfcf738508bc3ac1e6f7932cefcf20500b
Editor/Dashboard,IMGUI=1,1,legacy editor port / adapter decision,unknown: inspect visual path,menus/context menus/overlays still require explicit reconciliation,source text may mention legacy/held/retained; no exclusion inferred,whole-task functional and visual baseline comparison; populated/empty/disabled/selected/focused/hovered/dragging/error states; menu/popover/context-root coverage,immutable Git blob baseline 9eb3d9cfcf738508bc3ac1e6f7932cefcf20500b
Editor/DotGen,UI Toolkit=3; unknown / no renderer evidence=1; IMGUI=1; mixed UI Toolkit + IMGUI=1,5,Toolkit separation with legacy adapter boundary,known: Toolkit stylesheet/class hook; known: ZUI or legacy style state; unknown: inspect visual path,menus/context menus/overlays still require explicit reconciliation,source text may mention legacy/held/retained; no exclusion inferred,whole-task functional and visual baseline comparison; populated/empty/disabled/selected/focused/hovered/dragging/error states; menu/popover/context-root coverage,immutable Git blob baseline 9eb3d9cfcf738508bc3ac1e6f7932cefcf20500b
Editor/GraphViewKit,UI Toolkit=1,0,no UI / unknown: needs owner confirmation,unknown: no named surface classification,"no named surface from lexical scan; menus, overlays, inspectors and runtime consumers still need reconciliation",source text may mention legacy/held/retained; no exclusion inferred,whole-task functional and visual baseline comparison; populated/empty/disabled/selected/focused/hovered/dragging/error states; menu/popover/context-root coverage,immutable Git blob baseline 9eb3d9cfcf738508bc3ac1e6f7932cefcf20500b
Editor/Larder,unknown / no renderer evidence=1; UI Toolkit=1,1,Toolkit separation,known: ZUI or legacy style state,menus/context menus/overlays still require explicit reconciliation,source text may mention legacy/held/retained; no exclusion inferred,whole-task functional and visual baseline comparison; populated/empty/disabled/selected/focused/hovered/dragging/error states; menu/popover/context-root coverage,immutable Git blob baseline 9eb3d9cfcf738508bc3ac1e6f7932cefcf20500b
Editor/Lathe,mixed UI Toolkit + IMGUI=3; UI Toolkit=3; unknown / no renderer evidence=1; custom painter=1,7,Toolkit separation with legacy adapter boundary,known: Toolkit stylesheet/class hook; known: ZUI or legacy style state; unknown: inspect visual path,menus/context menus/overlays still require explicit reconciliation,source text may mention legacy/held/retained; no exclusion inferred,whole-task functional and visual baseline comparison; populated/empty/disabled/selected/focused/hovered/dragging/error states; menu/popover/context-root coverage,immutable Git blob baseline 9eb3d9cfcf738508bc3ac1e6f7932cefcf20500b
Editor/Launimator,mixed UI Toolkit + IMGUI=4; IMGUI=3; UI Toolkit=2; unknown / no renderer evidence=1,12,Toolkit separation with legacy adapter boundary,known: Toolkit stylesheet/class hook; known: ZUI or legacy style state; unknown; unknown: inspect visual path,3 named popover(s): separate root/skin attachment must be checked; 1 named surface(s) lack lexical renderer evidence,source text may mention legacy/held/retained; no exclusion inferred,whole-task functional and visual baseline comparison; populated/empty/disabled/selected/focused/hovered/dragging/error states; menu/popover/context-root coverage,immutable Git blob baseline 9eb3d9cfcf738508bc3ac1e6f7932cefcf20500b
Editor/LaunimatorZounds,no UI evidence,0,no UI / unknown: needs owner confirmation,unknown: no named surface classification,"no named surface from lexical scan; menus, overlays, inspectors and runtime consumers still need reconciliation",source text may mention legacy/held/retained; no exclusion inferred,whole-task functional and visual baseline comparison; populated/empty/disabled/selected/focused/hovered/dragging/error states; menu/popover/context-root coverage,immutable Git blob baseline 9eb3d9cfcf738508bc3ac1e6f7932cefcf20500b
Editor/Lazor,mixed UI Toolkit + IMGUI=2; unknown / no renderer evidence=1; ZUI / IMGUI=1; IMGUI=1,4,Toolkit separation with legacy adapter boundary,known: Toolkit stylesheet/class hook; known: ZUI or legacy style state; unknown: inspect visual path,menus/context menus/overlays still require explicit reconciliation,source text may mention legacy/held/retained; no exclusion inferred,whole-task functional and visual baseline comparison; populated/empty/disabled/selected/focused/hovered/dragging/error states; menu/popover/context-root coverage,immutable Git blob baseline 9eb3d9cfcf738508bc3ac1e6f7932cefcf20500b
Editor/Loom,UI Toolkit=1,1,Toolkit separation,unknown: inspect visual path,menus/context menus/overlays still require explicit reconciliation,source text may mention legacy/held/retained; no exclusion inferred,whole-task functional and visual baseline comparison; populated/empty/disabled/selected/focused/hovered/dragging/error states; menu/popover/context-root coverage,immutable Git blob baseline 9eb3d9cfcf738508bc3ac1e6f7932cefcf20500b
Editor/Mirage,unknown / no renderer evidence=1; mixed UI Toolkit + IMGUI=1,1,Toolkit separation with legacy adapter boundary,known: Toolkit stylesheet/class hook,menus/context menus/overlays still require explicit reconciliation,source text may mention legacy/held/retained; no exclusion inferred,whole-task functional and visual baseline comparison; populated/empty/disabled/selected/focused/hovered/dragging/error states; menu/popover/context-root coverage,immutable Git blob baseline 9eb3d9cfcf738508bc3ac1e6f7932cefcf20500b
Editor/Notifyer,IMGUI=1,1,legacy editor port / adapter decision,unknown: inspect visual path,menus/context menus/overlays still require explicit reconciliation,source text may mention legacy/held/retained; no exclusion inferred,whole-task functional and visual baseline comparison; populated/empty/disabled/selected/focused/hovered/dragging/error states; menu/popover/context-root coverage,immutable Git blob baseline 9eb3d9cfcf738508bc3ac1e6f7932cefcf20500b
Editor/Overture,IMGUI=2,1,legacy editor port / adapter decision,unknown: inspect visual path,menus/context menus/overlays still require explicit reconciliation,source text may mention legacy/held/retained; no exclusion inferred,whole-task functional and visual baseline comparison; populated/empty/disabled/selected/focused/hovered/dragging/error states; menu/popover/context-root coverage,immutable Git blob baseline 9eb3d9cfcf738508bc3ac1e6f7932cefcf20500b
Editor/PreviewKit,IMGUI=1,0,no UI / unknown: needs owner confirmation,unknown: no named surface classification,"no named surface from lexical scan; menus, overlays, inspectors and runtime consumers still need reconciliation",source text may mention legacy/held/retained; no exclusion inferred,whole-task functional and visual baseline comparison; populated/empty/disabled/selected/focused/hovered/dragging/error states; menu/popover/context-root coverage,immutable Git blob baseline 9eb3d9cfcf738508bc3ac1e6f7932cefcf20500b
Editor/Pyre,UI Toolkit=4; unknown / no renderer evidence=2; IMGUI=1; mixed UI Toolkit + IMGUI=1; ZUI / IMGUI=1,6,Toolkit separation with legacy adapter boundary,known: Toolkit stylesheet/class hook; known: ZUI or legacy style state; unknown: inspect visual path,menus/context menus/overlays still require explicit reconciliation,source text may mention legacy/held/retained; no exclusion inferred,whole-task functional and visual baseline comparison; populated/empty/disabled/selected/focused/hovered/dragging/error states; menu/popover/context-root coverage,immutable Git blob baseline 9eb3d9cfcf738508bc3ac1e6f7932cefcf20500b
Editor/Rulesets,UI Toolkit=1; unknown / no renderer evidence=1,1,Toolkit separation,known: Toolkit stylesheet/class hook,menus/context menus/overlays still require explicit reconciliation,source text may mention legacy/held/retained; no exclusion inferred,whole-task functional and visual baseline comparison; populated/empty/disabled/selected/focused/hovered/dragging/error states; menu/popover/context-root coverage,immutable Git blob baseline 9eb3d9cfcf738508bc3ac1e6f7932cefcf20500b
Editor/SimpleMenu,IMGUI=4,5,legacy editor port / adapter decision,unknown: inspect visual path,menus/context menus/overlays still require explicit reconciliation,source text may mention legacy/held/retained; no exclusion inferred,whole-task functional and visual baseline comparison; populated/empty/disabled/selected/focused/hovered/dragging/error states; menu/popover/context-root coverage,immutable Git blob baseline 9eb3d9cfcf738508bc3ac1e6f7932cefcf20500b
Editor/SimpleUI,IMGUI=2; uGUI=1,5,legacy editor port / adapter decision,unknown: inspect visual path,menus/context menus/overlays still require explicit reconciliation,source text may mention legacy/held/retained; no exclusion inferred,whole-task functional and visual baseline comparison; populated/empty/disabled/selected/focused/hovered/dragging/error states; menu/popover/context-root coverage,immutable Git blob baseline 9eb3d9cfcf738508bc3ac1e6f7932cefcf20500b
Editor/SmartStats,IMGUI=10,0,no UI / unknown: needs owner confirmation,unknown: no named surface classification,"no named surface from lexical scan; menus, overlays, inspectors and runtime consumers still need reconciliation",source text may mention legacy/held/retained; no exclusion inferred,whole-task functional and visual baseline comparison; populated/empty/disabled/selected/focused/hovered/dragging/error states; menu/popover/context-root coverage,immutable Git blob baseline 9eb3d9cfcf738508bc3ac1e6f7932cefcf20500b
Editor/SpriteFx,UI Toolkit=6; unknown / no renderer evidence=1,4,Toolkit separation,known: ZUI or legacy style state,menus/context menus/overlays still require explicit reconciliation,source text may mention legacy/held/retained; no exclusion inferred,whole-task functional and visual baseline comparison; populated/empty/disabled/selected/focused/hovered/dragging/error states; menu/popover/context-root coverage,immutable Git blob baseline 9eb3d9cfcf738508bc3ac1e6f7932cefcf20500b
Editor/StatefulUI,IMGUI=3,2,legacy editor port / adapter decision,unknown: inspect visual path,menus/context menus/overlays still require explicit reconciliation,source text may mention legacy/held/retained; no exclusion inferred,whole-task functional and visual baseline comparison; populated/empty/disabled/selected/focused/hovered/dragging/error states; menu/popover/context-root coverage,immutable Git blob baseline 9eb3d9cfcf738508bc3ac1e6f7932cefcf20500b
Editor/Story,IMGUI=2,3,legacy editor port / adapter decision,unknown; unknown: inspect visual path,1 named surface(s) lack lexical renderer evidence,source text may mention legacy/held/retained; no exclusion inferred,whole-task functional and visual baseline comparison; populated/empty/disabled/selected/focused/hovered/dragging/error states; menu/popover/context-root coverage,immutable Git blob baseline 9eb3d9cfcf738508bc3ac1e6f7932cefcf20500b
Editor/Tapestry,UI Toolkit=3; unknown / no renderer evidence=1; mixed UI Toolkit + IMGUI=1; IMGUI=1,5,Toolkit separation with legacy adapter boundary,known: Toolkit stylesheet/class hook; known: ZUI or legacy style state; unknown: inspect visual path,menus/context menus/overlays still require explicit reconciliation,source text may mention legacy/held/retained; no exclusion inferred,whole-task functional and visual baseline comparison; populated/empty/disabled/selected/focused/hovered/dragging/error states; menu/popover/context-root coverage,immutable Git blob baseline 9eb3d9cfcf738508bc3ac1e6f7932cefcf20500b
Editor/TextSplash,unknown / no renderer evidence=1; mixed UI Toolkit + IMGUI=1,1,Toolkit separation with legacy adapter boundary,known: ZUI or legacy style state,menus/context menus/overlays still require explicit reconciliation,source text may mention legacy/held/retained; no exclusion inferred,whole-task functional and visual baseline comparison; populated/empty/disabled/selected/focused/hovered/dragging/error states; menu/popover/context-root coverage,immutable Git blob baseline 9eb3d9cfcf738508bc3ac1e6f7932cefcf20500b
Editor/VisionMask,no UI evidence,0,no UI / unknown: needs owner confirmation,unknown: no named surface classification,"no named surface from lexical scan; menus, overlays, inspectors and runtime consumers still need reconciliation",source text may mention legacy/held/retained; no exclusion inferred,whole-task functional and visual baseline comparison; populated/empty/disabled/selected/focused/hovered/dragging/error states; menu/popover/context-root coverage,immutable Git blob baseline 9eb3d9cfcf738508bc3ac1e6f7932cefcf20500b
Editor/WorldSpaceUINavigation,no UI evidence,1,editor renderer route needs confirmation,unknown,1 named surface(s) lack lexical renderer evidence,source text may mention legacy/held/retained; no exclusion inferred,whole-task functional and visual baseline comparison; populated/empty/disabled/selected/focused/hovered/dragging/error states; menu/popover/context-root coverage,immutable Git blob baseline 9eb3d9cfcf738508bc3ac1e6f7932cefcf20500b
Editor/Zoetrope,UI Toolkit=1; unknown / no renderer evidence=1; mixed UI Toolkit + IMGUI=1,5,Toolkit separation with legacy adapter boundary,known: Toolkit stylesheet/class hook; known: ZUI or legacy style state,menus/context menus/overlays still require explicit reconciliation,source text may mention legacy/held/retained; no exclusion inferred,whole-task functional and visual baseline comparison; populated/empty/disabled/selected/focused/hovered/dragging/error states; menu/popover/context-root coverage,immutable Git blob baseline 9eb3d9cfcf738508bc3ac1e6f7932cefcf20500b
Editor/ZoetropeLaunimator,ZUI / IMGUI=2; IMGUI=1; unknown / no renderer evidence=1,1,legacy editor port / adapter decision,known: ZUI or legacy style state,menus/context menus/overlays still require explicit reconciliation,source text may mention legacy/held/retained; no exclusion inferred,whole-task functional and visual baseline comparison; populated/empty/disabled/selected/focused/hovered/dragging/error states; menu/popover/context-root coverage,immutable Git blob baseline 9eb3d9cfcf738508bc3ac1e6f7932cefcf20500b
Editor/ZoetropeZounds,no UI evidence,0,no UI / unknown: needs owner confirmation,unknown: no named surface classification,"no named surface from lexical scan; menus, overlays, inspectors and runtime consumers still need reconciliation",source text may mention legacy/held/retained; no exclusion inferred,whole-task functional and visual baseline comparison; populated/empty/disabled/selected/focused/hovered/dragging/error states; menu/popover/context-root coverage,immutable Git blob baseline 9eb3d9cfcf738508bc3ac1e6f7932cefcf20500b
Editor/Zounds,ZUI / IMGUI=31; UI Toolkit=15; mixed UI Toolkit + IMGUI=15; IMGUI=14; unknown / no renderer evidence=4,25,Toolkit separation with legacy adapter boundary,known: Toolkit stylesheet/class hook; known: ZUI or legacy style state; unknown: inspect visual path,10 named popover(s): separate root/skin attachment must be checked,source text may mention legacy/held/retained; no exclusion inferred,whole-task functional and visual baseline comparison; populated/empty/disabled/selected/focused/hovered/dragging/error states; menu/popover/context-root coverage,immutable Git blob baseline 9eb3d9cfcf738508bc3ac1e6f7932cefcf20500b
Other/Samples~,IMGUI=6; uGUI=6; ZUI / IMGUI=1; unknown / no renderer evidence=1,0,no UI / unknown: needs owner confirmation,unknown: no named surface classification,"no named surface from lexical scan; menus, overlays, inspectors and runtime consumers still need reconciliation",source text may mention legacy/held/retained; no exclusion inferred,whole-task functional and visual baseline comparison; populated/empty/disabled/selected/focused/hovered/dragging/error states; menu/popover/context-root coverage,immutable Git blob baseline 9eb3d9cfcf738508bc3ac1e6f7932cefcf20500b
Other/Zui,UI Toolkit=61; ZUI / IMGUI=44; unknown / no renderer evidence=35; mixed UI Toolkit + IMGUI=18,15,external/sample route needs confirmation,known: Toolkit stylesheet/class hook; known: ZUI or legacy style state,9 named popover(s): separate root/skin attachment must be checked,source text may mention legacy/held/retained; no exclusion inferred,whole-task functional and visual baseline comparison; populated/empty/disabled/selected/focused/hovered/dragging/error states; menu/popover/context-root coverage,immutable Git blob baseline 9eb3d9cfcf738508bc3ac1e6f7932cefcf20500b
Runtime/BackSplash,IMGUI=1,0,no UI / unknown: needs owner confirmation,unknown: no named surface classification,"no named surface from lexical scan; menus, overlays, inspectors and runtime consumers still need reconciliation; runtime use needs player, input, scaling and persistence acceptance",source text may mention legacy/held/retained; no exclusion inferred,whole-task functional and visual baseline comparison; populated/empty/disabled/selected/focused/hovered/dragging/error states; menu/popover/context-root coverage,immutable Git blob baseline 9eb3d9cfcf738508bc3ac1e6f7932cefcf20500b
Runtime/Cabinets,no UI evidence,0,no UI / unknown: needs owner confirmation,unknown: no named surface classification,"no named surface from lexical scan; menus, overlays, inspectors and runtime consumers still need reconciliation; runtime use needs player, input, scaling and persistence acceptance",source text may mention legacy/held/retained; no exclusion inferred,whole-task functional and visual baseline comparison; populated/empty/disabled/selected/focused/hovered/dragging/error states; menu/popover/context-root coverage,immutable Git blob baseline 9eb3d9cfcf738508bc3ac1e6f7932cefcf20500b
Runtime/Caching,no UI evidence,0,no UI / unknown: needs owner confirmation,unknown: no named surface classification,"no named surface from lexical scan; menus, overlays, inspectors and runtime consumers still need reconciliation; runtime use needs player, input, scaling and persistence acceptance",source text may mention legacy/held/retained; no exclusion inferred,whole-task functional and visual baseline comparison; populated/empty/disabled/selected/focused/hovered/dragging/error states; menu/popover/context-root coverage,immutable Git blob baseline 9eb3d9cfcf738508bc3ac1e6f7932cefcf20500b
Runtime/Cartographer,no UI evidence,0,no UI / unknown: needs owner confirmation,unknown: no named surface classification,"no named surface from lexical scan; menus, overlays, inspectors and runtime consumers still need reconciliation; runtime use needs player, input, scaling and persistence acceptance",source text may mention legacy/held/retained; no exclusion inferred,whole-task functional and visual baseline comparison; populated/empty/disabled/selected/focused/hovered/dragging/error states; menu/popover/context-root coverage,immutable Git blob baseline 9eb3d9cfcf738508bc3ac1e6f7932cefcf20500b
Runtime/Choreographer,no UI evidence,0,no UI / unknown: needs owner confirmation,unknown: no named surface classification,"no named surface from lexical scan; menus, overlays, inspectors and runtime consumers still need reconciliation; runtime use needs player, input, scaling and persistence acceptance",source text may mention legacy/held/retained; no exclusion inferred,whole-task functional and visual baseline comparison; populated/empty/disabled/selected/focused/hovered/dragging/error states; menu/popover/context-root coverage,immutable Git blob baseline 9eb3d9cfcf738508bc3ac1e6f7932cefcf20500b
Runtime/Chunks,unknown / no renderer evidence=8,0,no UI / unknown: needs owner confirmation,unknown: no named surface classification,"no named surface from lexical scan; menus, overlays, inspectors and runtime consumers still need reconciliation; runtime use needs player, input, scaling and persistence acceptance",source text may mention legacy/held/retained; no exclusion inferred,whole-task functional and visual baseline comparison; populated/empty/disabled/selected/focused/hovered/dragging/error states; menu/popover/context-root coverage,immutable Git blob baseline 9eb3d9cfcf738508bc3ac1e6f7932cefcf20500b
Runtime/ChunksZounds,no UI evidence,0,no UI / unknown: needs owner confirmation,unknown: no named surface classification,"no named surface from lexical scan; menus, overlays, inspectors and runtime consumers still need reconciliation; runtime use needs player, input, scaling and persistence acceptance",source text may mention legacy/held/retained; no exclusion inferred,whole-task functional and visual baseline comparison; populated/empty/disabled/selected/focused/hovered/dragging/error states; menu/popover/context-root coverage,immutable Git blob baseline 9eb3d9cfcf738508bc3ac1e6f7932cefcf20500b
Runtime/Combat2D,no UI evidence,0,no UI / unknown: needs owner confirmation,unknown: no named surface classification,"no named surface from lexical scan; menus, overlays, inspectors and runtime consumers still need reconciliation; runtime use needs player, input, scaling and persistence acceptance",source text may mention legacy/held/retained; no exclusion inferred,whole-task functional and visual baseline comparison; populated/empty/disabled/selected/focused/hovered/dragging/error states; menu/popover/context-root coverage,immutable Git blob baseline 9eb3d9cfcf738508bc3ac1e6f7932cefcf20500b
Runtime/Cookbook,no UI evidence,0,no UI / unknown: needs owner confirmation,unknown: no named surface classification,"no named surface from lexical scan; menus, overlays, inspectors and runtime consumers still need reconciliation; runtime use needs player, input, scaling and persistence acceptance",source text may mention legacy/held/retained; no exclusion inferred,whole-task functional and visual baseline comparison; populated/empty/disabled/selected/focused/hovered/dragging/error states; menu/popover/context-root coverage,immutable Git blob baseline 9eb3d9cfcf738508bc3ac1e6f7932cefcf20500b
Runtime/Daemon,no UI evidence,0,no UI / unknown: needs owner confirmation,unknown: no named surface classification,"no named surface from lexical scan; menus, overlays, inspectors and runtime consumers still need reconciliation; runtime use needs player, input, scaling and persistence acceptance",source text may mention legacy/held/retained; no exclusion inferred,whole-task functional and visual baseline comparison; populated/empty/disabled/selected/focused/hovered/dragging/error states; menu/popover/context-root coverage,immutable Git blob baseline 9eb3d9cfcf738508bc3ac1e6f7932cefcf20500b
Runtime/Dashboard,no UI evidence,0,no UI / unknown: needs owner confirmation,unknown: no named surface classification,"no named surface from lexical scan; menus, overlays, inspectors and runtime consumers still need reconciliation; runtime use needs player, input, scaling and persistence acceptance",source text may mention legacy/held/retained; no exclusion inferred,whole-task functional and visual baseline comparison; populated/empty/disabled/selected/focused/hovered/dragging/error states; menu/popover/context-root coverage,immutable Git blob baseline 9eb3d9cfcf738508bc3ac1e6f7932cefcf20500b
Runtime/DotGen,unknown / no renderer evidence=7,0,no UI / unknown: needs owner confirmation,unknown: no named surface classification,"no named surface from lexical scan; menus, overlays, inspectors and runtime consumers still need reconciliation; runtime use needs player, input, scaling and persistence acceptance",source text may mention legacy/held/retained; no exclusion inferred,whole-task functional and visual baseline comparison; populated/empty/disabled/selected/focused/hovered/dragging/error states; menu/popover/context-root coverage,immutable Git blob baseline 9eb3d9cfcf738508bc3ac1e6f7932cefcf20500b
Runtime/InputGuide,unknown / no renderer evidence=2; ZUI / IMGUI=1,1,runtime strategy: player-safe presentation adapter and consumer review,known: ZUI or legacy style state,"runtime use needs player, input, scaling and persistence acceptance",source text may mention legacy/held/retained; no exclusion inferred,whole-task functional and visual baseline comparison; populated/empty/disabled/selected/focused/hovered/dragging/error states; menu/popover/context-root coverage,immutable Git blob baseline 9eb3d9cfcf738508bc3ac1e6f7932cefcf20500b
Runtime/Larder,no UI evidence,0,no UI / unknown: needs owner confirmation,unknown: no named surface classification,"no named surface from lexical scan; menus, overlays, inspectors and runtime consumers still need reconciliation; runtime use needs player, input, scaling and persistence acceptance",source text may mention legacy/held/retained; no exclusion inferred,whole-task functional and visual baseline comparison; populated/empty/disabled/selected/focused/hovered/dragging/error states; menu/popover/context-root coverage,immutable Git blob baseline 9eb3d9cfcf738508bc3ac1e6f7932cefcf20500b
Runtime/Lathe,unknown / no renderer evidence=3,0,no UI / unknown: needs owner confirmation,unknown: no named surface classification,"no named surface from lexical scan; menus, overlays, inspectors and runtime consumers still need reconciliation; runtime use needs player, input, scaling and persistence acceptance",source text may mention legacy/held/retained; no exclusion inferred,whole-task functional and visual baseline comparison; populated/empty/disabled/selected/focused/hovered/dragging/error states; menu/popover/context-root coverage,immutable Git blob baseline 9eb3d9cfcf738508bc3ac1e6f7932cefcf20500b
Runtime/Lattice,no UI evidence,0,no UI / unknown: needs owner confirmation,unknown: no named surface classification,"no named surface from lexical scan; menus, overlays, inspectors and runtime consumers still need reconciliation; runtime use needs player, input, scaling and persistence acceptance",source text may mention legacy/held/retained; no exclusion inferred,whole-task functional and visual baseline comparison; populated/empty/disabled/selected/focused/hovered/dragging/error states; menu/popover/context-root coverage,immutable Git blob baseline 9eb3d9cfcf738508bc3ac1e6f7932cefcf20500b
Runtime/LatticeLines,no UI evidence,0,no UI / unknown: needs owner confirmation,unknown: no named surface classification,"no named surface from lexical scan; menus, overlays, inspectors and runtime consumers still need reconciliation; runtime use needs player, input, scaling and persistence acceptance",source text may mention legacy/held/retained; no exclusion inferred,whole-task functional and visual baseline comparison; populated/empty/disabled/selected/focused/hovered/dragging/error states; menu/popover/context-root coverage,immutable Git blob baseline 9eb3d9cfcf738508bc3ac1e6f7932cefcf20500b
Runtime/LatticePixels,no UI evidence,0,no UI / unknown: needs owner confirmation,unknown: no named surface classification,"no named surface from lexical scan; menus, overlays, inspectors and runtime consumers still need reconciliation; runtime use needs player, input, scaling and persistence acceptance",source text may mention legacy/held/retained; no exclusion inferred,whole-task functional and visual baseline comparison; populated/empty/disabled/selected/focused/hovered/dragging/error states; menu/popover/context-root coverage,immutable Git blob baseline 9eb3d9cfcf738508bc3ac1e6f7932cefcf20500b
Runtime/LauminaryCombat,no UI evidence,0,no UI / unknown: needs owner confirmation,unknown: no named surface classification,"no named surface from lexical scan; menus, overlays, inspectors and runtime consumers still need reconciliation; runtime use needs player, input, scaling and persistence acceptance",source text may mention legacy/held/retained; no exclusion inferred,whole-task functional and visual baseline comparison; populated/empty/disabled/selected/focused/hovered/dragging/error states; menu/popover/context-root coverage,immutable Git blob baseline 9eb3d9cfcf738508bc3ac1e6f7932cefcf20500b
Runtime/Launimator,IMGUI=1,0,no UI / unknown: needs owner confirmation,unknown: no named surface classification,"no named surface from lexical scan; menus, overlays, inspectors and runtime consumers still need reconciliation; runtime use needs player, input, scaling and persistence acceptance",source text may mention legacy/held/retained; no exclusion inferred,whole-task functional and visual baseline comparison; populated/empty/disabled/selected/focused/hovered/dragging/error states; menu/popover/context-root coverage,immutable Git blob baseline 9eb3d9cfcf738508bc3ac1e6f7932cefcf20500b
Runtime/LaunimatorZounds,no UI evidence,0,no UI / unknown: needs owner confirmation,unknown: no named surface classification,"no named surface from lexical scan; menus, overlays, inspectors and runtime consumers still need reconciliation; runtime use needs player, input, scaling and persistence acceptance",source text may mention legacy/held/retained; no exclusion inferred,whole-task functional and visual baseline comparison; populated/empty/disabled/selected/focused/hovered/dragging/error states; menu/popover/context-root coverage,immutable Git blob baseline 9eb3d9cfcf738508bc3ac1e6f7932cefcf20500b
Runtime/Layering,no UI evidence,0,no UI / unknown: needs owner confirmation,unknown: no named surface classification,"no named surface from lexical scan; menus, overlays, inspectors and runtime consumers still need reconciliation; runtime use needs player, input, scaling and persistence acceptance",source text may mention legacy/held/retained; no exclusion inferred,whole-task functional and visual baseline comparison; populated/empty/disabled/selected/focused/hovered/dragging/error states; menu/popover/context-root coverage,immutable Git blob baseline 9eb3d9cfcf738508bc3ac1e6f7932cefcf20500b
Runtime/Lazor,no UI evidence,0,no UI / unknown: needs owner confirmation,unknown: no named surface classification,"no named surface from lexical scan; menus, overlays, inspectors and runtime consumers still need reconciliation; runtime use needs player, input, scaling and persistence acceptance",source text may mention legacy/held/retained; no exclusion inferred,whole-task functional and visual baseline comparison; populated/empty/disabled/selected/focused/hovered/dragging/error states; menu/popover/context-root coverage,immutable Git blob baseline 9eb3d9cfcf738508bc3ac1e6f7932cefcf20500b
Runtime/Loom,no UI evidence,0,no UI / unknown: needs owner confirmation,unknown: no named surface classification,"no named surface from lexical scan; menus, overlays, inspectors and runtime consumers still need reconciliation; runtime use needs player, input, scaling and persistence acceptance",source text may mention legacy/held/retained; no exclusion inferred,whole-task functional and visual baseline comparison; populated/empty/disabled/selected/focused/hovered/dragging/error states; menu/popover/context-root coverage,immutable Git blob baseline 9eb3d9cfcf738508bc3ac1e6f7932cefcf20500b
Runtime/Mirage,unknown / no renderer evidence=1; ZUI / IMGUI=1,2,runtime strategy: player-safe presentation adapter and consumer review,known: ZUI or legacy style state,"runtime use needs player, input, scaling and persistence acceptance",source text may mention legacy/held/retained; no exclusion inferred,whole-task functional and visual baseline comparison; populated/empty/disabled/selected/focused/hovered/dragging/error states; menu/popover/context-root coverage,immutable Git blob baseline 9eb3d9cfcf738508bc3ac1e6f7932cefcf20500b
Runtime/Monolith,UI Toolkit=1,3,runtime strategy: player-safe presentation adapter and consumer review,unknown: inspect visual path,"runtime use needs player, input, scaling and persistence acceptance",source text may mention legacy/held/retained; no exclusion inferred,whole-task functional and visual baseline comparison; populated/empty/disabled/selected/focused/hovered/dragging/error states; menu/popover/context-root coverage,immutable Git blob baseline 9eb3d9cfcf738508bc3ac1e6f7932cefcf20500b
Runtime/Notifyer,no UI evidence,0,no UI / unknown: needs owner confirmation,unknown: no named surface classification,"no named surface from lexical scan; menus, overlays, inspectors and runtime consumers still need reconciliation; runtime use needs player, input, scaling and persistence acceptance",source text may mention legacy/held/retained; no exclusion inferred,whole-task functional and visual baseline comparison; populated/empty/disabled/selected/focused/hovered/dragging/error states; menu/popover/context-root coverage,immutable Git blob baseline 9eb3d9cfcf738508bc3ac1e6f7932cefcf20500b
Runtime/Overlapper,no UI evidence,0,no UI / unknown: needs owner confirmation,unknown: no named surface classification,"no named surface from lexical scan; menus, overlays, inspectors and runtime consumers still need reconciliation; runtime use needs player, input, scaling and persistence acceptance",source text may mention legacy/held/retained; no exclusion inferred,whole-task functional and visual baseline comparison; populated/empty/disabled/selected/focused/hovered/dragging/error states; menu/popover/context-root coverage,immutable Git blob baseline 9eb3d9cfcf738508bc3ac1e6f7932cefcf20500b
Runtime/Overture,uGUI=1,1,runtime strategy: player-safe presentation adapter and consumer review,unknown: inspect visual path,"runtime use needs player, input, scaling and persistence acceptance",source text may mention legacy/held/retained; no exclusion inferred,whole-task functional and visual baseline comparison; populated/empty/disabled/selected/focused/hovered/dragging/error states; menu/popover/context-root coverage,immutable Git blob baseline 9eb3d9cfcf738508bc3ac1e6f7932cefcf20500b
Runtime/PixelScale,IMGUI=1,2,runtime strategy: player-safe presentation adapter and consumer review,unknown: inspect visual path,"runtime use needs player, input, scaling and persistence acceptance",source text may mention legacy/held/retained; no exclusion inferred,whole-task functional and visual baseline comparison; populated/empty/disabled/selected/focused/hovered/dragging/error states; menu/popover/context-root coverage,immutable Git blob baseline 9eb3d9cfcf738508bc3ac1e6f7932cefcf20500b
Runtime/Pocket,no UI evidence,0,no UI / unknown: needs owner confirmation,unknown: no named surface classification,"no named surface from lexical scan; menus, overlays, inspectors and runtime consumers still need reconciliation; runtime use needs player, input, scaling and persistence acceptance",source text may mention legacy/held/retained; no exclusion inferred,whole-task functional and visual baseline comparison; populated/empty/disabled/selected/focused/hovered/dragging/error states; menu/popover/context-root coverage,immutable Git blob baseline 9eb3d9cfcf738508bc3ac1e6f7932cefcf20500b
Runtime/Pooling,no UI evidence,0,no UI / unknown: needs owner confirmation,unknown: no named surface classification,"no named surface from lexical scan; menus, overlays, inspectors and runtime consumers still need reconciliation; runtime use needs player, input, scaling and persistence acceptance",source text may mention legacy/held/retained; no exclusion inferred,whole-task functional and visual baseline comparison; populated/empty/disabled/selected/focused/hovered/dragging/error states; menu/popover/context-root coverage,immutable Git blob baseline 9eb3d9cfcf738508bc3ac1e6f7932cefcf20500b
Runtime/PreviewKit,no UI evidence,0,no UI / unknown: needs owner confirmation,unknown: no named surface classification,"no named surface from lexical scan; menus, overlays, inspectors and runtime consumers still need reconciliation; runtime use needs player, input, scaling and persistence acceptance",source text may mention legacy/held/retained; no exclusion inferred,whole-task functional and visual baseline comparison; populated/empty/disabled/selected/focused/hovered/dragging/error states; menu/popover/context-root coverage,immutable Git blob baseline 9eb3d9cfcf738508bc3ac1e6f7932cefcf20500b
Runtime/Pyre,unknown / no renderer evidence=26,0,no UI / unknown: needs owner confirmation,unknown: no named surface classification,"no named surface from lexical scan; menus, overlays, inspectors and runtime consumers still need reconciliation; runtime use needs player, input, scaling and persistence acceptance",source text may mention legacy/held/retained; no exclusion inferred,whole-task functional and visual baseline comparison; populated/empty/disabled/selected/focused/hovered/dragging/error states; menu/popover/context-root coverage,immutable Git blob baseline 9eb3d9cfcf738508bc3ac1e6f7932cefcf20500b
Runtime/Qullection,no UI evidence,0,no UI / unknown: needs owner confirmation,unknown: no named surface classification,"no named surface from lexical scan; menus, overlays, inspectors and runtime consumers still need reconciliation; runtime use needs player, input, scaling and persistence acceptance",source text may mention legacy/held/retained; no exclusion inferred,whole-task functional and visual baseline comparison; populated/empty/disabled/selected/focused/hovered/dragging/error states; menu/popover/context-root coverage,immutable Git blob baseline 9eb3d9cfcf738508bc3ac1e6f7932cefcf20500b
Runtime/Randomizers,no UI evidence,0,no UI / unknown: needs owner confirmation,unknown: no named surface classification,"no named surface from lexical scan; menus, overlays, inspectors and runtime consumers still need reconciliation; runtime use needs player, input, scaling and persistence acceptance",source text may mention legacy/held/retained; no exclusion inferred,whole-task functional and visual baseline comparison; populated/empty/disabled/selected/focused/hovered/dragging/error states; menu/popover/context-root coverage,immutable Git blob baseline 9eb3d9cfcf738508bc3ac1e6f7932cefcf20500b
Runtime/Rulesets,unknown / no renderer evidence=1,0,no UI / unknown: needs owner confirmation,unknown: no named surface classification,"no named surface from lexical scan; menus, overlays, inspectors and runtime consumers still need reconciliation; runtime use needs player, input, scaling and persistence acceptance",source text may mention legacy/held/retained; no exclusion inferred,whole-task functional and visual baseline comparison; populated/empty/disabled/selected/focused/hovered/dragging/error states; menu/popover/context-root coverage,immutable Git blob baseline 9eb3d9cfcf738508bc3ac1e6f7932cefcf20500b
Runtime/SaveGame,no UI evidence,0,no UI / unknown: needs owner confirmation,unknown: no named surface classification,"no named surface from lexical scan; menus, overlays, inspectors and runtime consumers still need reconciliation; runtime use needs player, input, scaling and persistence acceptance",source text may mention legacy/held/retained; no exclusion inferred,whole-task functional and visual baseline comparison; populated/empty/disabled/selected/focused/hovered/dragging/error states; menu/popover/context-root coverage,immutable Git blob baseline 9eb3d9cfcf738508bc3ac1e6f7932cefcf20500b
Runtime/SceneDirector,no UI evidence,0,no UI / unknown: needs owner confirmation,unknown: no named surface classification,"no named surface from lexical scan; menus, overlays, inspectors and runtime consumers still need reconciliation; runtime use needs player, input, scaling and persistence acceptance",source text may mention legacy/held/retained; no exclusion inferred,whole-task functional and visual baseline comparison; populated/empty/disabled/selected/focused/hovered/dragging/error states; menu/popover/context-root coverage,immutable Git blob baseline 9eb3d9cfcf738508bc3ac1e6f7932cefcf20500b
Runtime/SimpleMenu,uGUI=4,4,runtime strategy: player-safe presentation adapter and consumer review,unknown: inspect visual path,"runtime use needs player, input, scaling and persistence acceptance",source text may mention legacy/held/retained; no exclusion inferred,whole-task functional and visual baseline comparison; populated/empty/disabled/selected/focused/hovered/dragging/error states; menu/popover/context-root coverage,immutable Git blob baseline 9eb3d9cfcf738508bc3ac1e6f7932cefcf20500b
Runtime/SimpleUI,uGUI=1,2,runtime strategy: player-safe presentation adapter and consumer review,unknown: inspect visual path,"runtime use needs player, input, scaling and persistence acceptance",source text may mention legacy/held/retained; no exclusion inferred,whole-task functional and visual baseline comparison; populated/empty/disabled/selected/focused/hovered/dragging/error states; menu/popover/context-root coverage,immutable Git blob baseline 9eb3d9cfcf738508bc3ac1e6f7932cefcf20500b
Runtime/SmartStats,no UI evidence,0,no UI / unknown: needs owner confirmation,unknown: no named surface classification,"no named surface from lexical scan; menus, overlays, inspectors and runtime consumers still need reconciliation; runtime use needs player, input, scaling and persistence acceptance",source text may mention legacy/held/retained; no exclusion inferred,whole-task functional and visual baseline comparison; populated/empty/disabled/selected/focused/hovered/dragging/error states; menu/popover/context-root coverage,immutable Git blob baseline 9eb3d9cfcf738508bc3ac1e6f7932cefcf20500b
Runtime/SpriteFx,unknown / no renderer evidence=15,0,no UI / unknown: needs owner confirmation,unknown: no named surface classification,"no named surface from lexical scan; menus, overlays, inspectors and runtime consumers still need reconciliation; runtime use needs player, input, scaling and persistence acceptance",source text may mention legacy/held/retained; no exclusion inferred,whole-task functional and visual baseline comparison; populated/empty/disabled/selected/focused/hovered/dragging/error states; menu/popover/context-root coverage,immutable Git blob baseline 9eb3d9cfcf738508bc3ac1e6f7932cefcf20500b
Runtime/StatefulUI,uGUI=1,1,runtime strategy: player-safe presentation adapter and consumer review,unknown: inspect visual path,"runtime use needs player, input, scaling and persistence acceptance",source text may mention legacy/held/retained; no exclusion inferred,whole-task functional and visual baseline comparison; populated/empty/disabled/selected/focused/hovered/dragging/error states; menu/popover/context-root coverage,immutable Git blob baseline 9eb3d9cfcf738508bc3ac1e6f7932cefcf20500b
Runtime/Story,no UI evidence,0,no UI / unknown: needs owner confirmation,unknown: no named surface classification,"no named surface from lexical scan; menus, overlays, inspectors and runtime consumers still need reconciliation; runtime use needs player, input, scaling and persistence acceptance",source text may mention legacy/held/retained; no exclusion inferred,whole-task functional and visual baseline comparison; populated/empty/disabled/selected/focused/hovered/dragging/error states; menu/popover/context-root coverage,immutable Git blob baseline 9eb3d9cfcf738508bc3ac1e6f7932cefcf20500b
Runtime/Switcheroo,no UI evidence,0,no UI / unknown: needs owner confirmation,unknown: no named surface classification,"no named surface from lexical scan; menus, overlays, inspectors and runtime consumers still need reconciliation; runtime use needs player, input, scaling and persistence acceptance",source text may mention legacy/held/retained; no exclusion inferred,whole-task functional and visual baseline comparison; populated/empty/disabled/selected/focused/hovered/dragging/error states; menu/popover/context-root coverage,immutable Git blob baseline 9eb3d9cfcf738508bc3ac1e6f7932cefcf20500b
Runtime/Tapestry,unknown / no renderer evidence=3,0,no UI / unknown: needs owner confirmation,unknown: no named surface classification,"no named surface from lexical scan; menus, overlays, inspectors and runtime consumers still need reconciliation; runtime use needs player, input, scaling and persistence acceptance",source text may mention legacy/held/retained; no exclusion inferred,whole-task functional and visual baseline comparison; populated/empty/disabled/selected/focused/hovered/dragging/error states; menu/popover/context-root coverage,immutable Git blob baseline 9eb3d9cfcf738508bc3ac1e6f7932cefcf20500b
Runtime/TextSplash,uGUI=2; unknown / no renderer evidence=2,1,runtime strategy: player-safe presentation adapter and consumer review,unknown: inspect visual path,"runtime use needs player, input, scaling and persistence acceptance",source text may mention legacy/held/retained; no exclusion inferred,whole-task functional and visual baseline comparison; populated/empty/disabled/selected/focused/hovered/dragging/error states; menu/popover/context-root coverage,immutable Git blob baseline 9eb3d9cfcf738508bc3ac1e6f7932cefcf20500b
Runtime/Ticker,no UI evidence,0,no UI / unknown: needs owner confirmation,unknown: no named surface classification,"no named surface from lexical scan; menus, overlays, inspectors and runtime consumers still need reconciliation; runtime use needs player, input, scaling and persistence acceptance",source text may mention legacy/held/retained; no exclusion inferred,whole-task functional and visual baseline comparison; populated/empty/disabled/selected/focused/hovered/dragging/error states; menu/popover/context-root coverage,immutable Git blob baseline 9eb3d9cfcf738508bc3ac1e6f7932cefcf20500b
Runtime/UI,uGUI=1,1,runtime strategy: player-safe presentation adapter and consumer review,unknown: inspect visual path,"runtime use needs player, input, scaling and persistence acceptance",source text may mention legacy/held/retained; no exclusion inferred,whole-task functional and visual baseline comparison; populated/empty/disabled/selected/focused/hovered/dragging/error states; menu/popover/context-root coverage,immutable Git blob baseline 9eb3d9cfcf738508bc3ac1e6f7932cefcf20500b
Runtime/VectorRendering,no UI evidence,0,no UI / unknown: needs owner confirmation,unknown: no named surface classification,"no named surface from lexical scan; menus, overlays, inspectors and runtime consumers still need reconciliation; runtime use needs player, input, scaling and persistence acceptance",source text may mention legacy/held/retained; no exclusion inferred,whole-task functional and visual baseline comparison; populated/empty/disabled/selected/focused/hovered/dragging/error states; menu/popover/context-root coverage,immutable Git blob baseline 9eb3d9cfcf738508bc3ac1e6f7932cefcf20500b
Runtime/VisionMask,no UI evidence,0,no UI / unknown: needs owner confirmation,unknown: no named surface classification,"no named surface from lexical scan; menus, overlays, inspectors and runtime consumers still need reconciliation; runtime use needs player, input, scaling and persistence acceptance",source text may mention legacy/held/retained; no exclusion inferred,whole-task functional and visual baseline comparison; populated/empty/disabled/selected/focused/hovered/dragging/error states; menu/popover/context-root coverage,immutable Git blob baseline 9eb3d9cfcf738508bc3ac1e6f7932cefcf20500b
Runtime/VisualDebug3D,no UI evidence,0,no UI / unknown: needs owner confirmation,unknown: no named surface classification,"no named surface from lexical scan; menus, overlays, inspectors and runtime consumers still need reconciliation; runtime use needs player, input, scaling and persistence acceptance",source text may mention legacy/held/retained; no exclusion inferred,whole-task functional and visual baseline comparison; populated/empty/disabled/selected/focused/hovered/dragging/error states; menu/popover/context-root coverage,immutable Git blob baseline 9eb3d9cfcf738508bc3ac1e6f7932cefcf20500b
Runtime/WorldSpaceUINavigation,uGUI=3,3,runtime strategy: player-safe presentation adapter and consumer review,unknown: inspect visual path,"runtime use needs player, input, scaling and persistence acceptance",source text may mention legacy/held/retained; no exclusion inferred,whole-task functional and visual baseline comparison; populated/empty/disabled/selected/focused/hovered/dragging/error states; menu/popover/context-root coverage,immutable Git blob baseline 9eb3d9cfcf738508bc3ac1e6f7932cefcf20500b
Runtime/ZoeCharacter,no UI evidence,0,no UI / unknown: needs owner confirmation,unknown: no named surface classification,"no named surface from lexical scan; menus, overlays, inspectors and runtime consumers still need reconciliation; runtime use needs player, input, scaling and persistence acceptance",source text may mention legacy/held/retained; no exclusion inferred,whole-task functional and visual baseline comparison; populated/empty/disabled/selected/focused/hovered/dragging/error states; menu/popover/context-root coverage,immutable Git blob baseline 9eb3d9cfcf738508bc3ac1e6f7932cefcf20500b
Runtime/Zoetrope,unknown / no renderer evidence=1; IMGUI=1,0,no UI / unknown: needs owner confirmation,unknown: no named surface classification,"no named surface from lexical scan; menus, overlays, inspectors and runtime consumers still need reconciliation; runtime use needs player, input, scaling and persistence acceptance",source text may mention legacy/held/retained; no exclusion inferred,whole-task functional and visual baseline comparison; populated/empty/disabled/selected/focused/hovered/dragging/error states; menu/popover/context-root coverage,immutable Git blob baseline 9eb3d9cfcf738508bc3ac1e6f7932cefcf20500b
Runtime/ZoetropeDaemon,no UI evidence,0,no UI / unknown: needs owner confirmation,unknown: no named surface classification,"no named surface from lexical scan; menus, overlays, inspectors and runtime consumers still need reconciliation; runtime use needs player, input, scaling and persistence acceptance",source text may mention legacy/held/retained; no exclusion inferred,whole-task functional and visual baseline comparison; populated/empty/disabled/selected/focused/hovered/dragging/error states; menu/popover/context-root coverage,immutable Git blob baseline 9eb3d9cfcf738508bc3ac1e6f7932cefcf20500b
Runtime/ZoetropeLaunimator,no UI evidence,0,no UI / unknown: needs owner confirmation,unknown: no named surface classification,"no named surface from lexical scan; menus, overlays, inspectors and runtime consumers still need reconciliation; runtime use needs player, input, scaling and persistence acceptance",source text may mention legacy/held/retained; no exclusion inferred,whole-task functional and visual baseline comparison; populated/empty/disabled/selected/focused/hovered/dragging/error states; menu/popover/context-root coverage,immutable Git blob baseline 9eb3d9cfcf738508bc3ac1e6f7932cefcf20500b
Runtime/ZoetropePyre,no UI evidence,0,no UI / unknown: needs owner confirmation,unknown: no named surface classification,"no named surface from lexical scan; menus, overlays, inspectors and runtime consumers still need reconciliation; runtime use needs player, input, scaling and persistence acceptance",source text may mention legacy/held/retained; no exclusion inferred,whole-task functional and visual baseline comparison; populated/empty/disabled/selected/focused/hovered/dragging/error states; menu/popover/context-root coverage,immutable Git blob baseline 9eb3d9cfcf738508bc3ac1e6f7932cefcf20500b
Runtime/ZoetropeZoeCharacter,no UI evidence,0,no UI / unknown: needs owner confirmation,unknown: no named surface classification,"no named surface from lexical scan; menus, overlays, inspectors and runtime consumers still need reconciliation; runtime use needs player, input, scaling and persistence acceptance",source text may mention legacy/held/retained; no exclusion inferred,whole-task functional and visual baseline comparison; populated/empty/disabled/selected/focused/hovered/dragging/error states; menu/popover/context-root coverage,immutable Git blob baseline 9eb3d9cfcf738508bc3ac1e6f7932cefcf20500b
Runtime/ZoetropeZounds,no UI evidence,0,no UI / unknown: needs owner confirmation,unknown: no named surface classification,"no named surface from lexical scan; menus, overlays, inspectors and runtime consumers still need reconciliation; runtime use needs player, input, scaling and persistence acceptance",source text may mention legacy/held/retained; no exclusion inferred,whole-task functional and visual baseline comparison; populated/empty/disabled/selected/focused/hovered/dragging/error states; menu/popover/context-root coverage,immutable Git blob baseline 9eb3d9cfcf738508bc3ac1e6f7932cefcf20500b
Runtime/Zounds,unknown / no renderer evidence=6,0,no UI / unknown: needs owner confirmation,unknown: no named surface classification,"no named surface from lexical scan; menus, overlays, inspectors and runtime consumers still need reconciliation; runtime use needs player, input, scaling and persistence acceptance",source text may mention legacy/held/retained; no exclusion inferred,whole-task functional and visual baseline comparison; populated/empty/disabled/selected/focused/hovered/dragging/error states; menu/popover/context-root coverage,immutable Git blob baseline 9eb3d9cfcf738508bc3ac1e6f7932cefcf20500b
