surface,kind,side,owning_tool,source,renderer,renderer_evidence,shared_dependencies,skin,dynamic_layout_constraints,lifecycle,style_assignment_candidates,class_assignment_candidates,source_sha256
LauAssetBrowser,popover,Editor,AssetKit,Editor/AssetKit/LauAssetBrowser.cs,ZUI / IMGUI,ZUI; IMGUI,ZUI; asset browser; tag picker,known: ZUI or legacy style state,yes: height =,not classified by source screening,0,0,770c713748386af312cf3982a2017c99e180481c97440bb259472bc3bd63e77d
LaubraryAssetWindow,editor window,Editor,AssetKit,Editor/AssetKit/LaubraryAssetWindow.cs,ZUI / IMGUI,ZUI; IMGUI,ZUI; asset browser; tag picker,known: ZUI or legacy style state,yes: position.,not classified by source screening,0,0,dac1ebf63a40a64f69ad10a3ead51f76b77309bb4ac05a5977bb6d58d8c18171
LauTagPicker,popover,Editor,AssetKit,Editor/AssetKit/LauTagPicker.cs,IMGUI,IMGUI; custom painter,tag picker,unknown: inspect visual path,yes: GetRect,not classified by source screening,0,0,234d801141a1fe1a332139cebc9338da1cb81d3db6343a4001dc7328a46485b5
ZuiAssetWindow,editor window,Editor,AssetKit,Editor/AssetKit/ZuiAssetWindow.cs,mixed UI Toolkit + IMGUI,UI Toolkit; ZUI; IMGUI; uGUI,ZUI; asset browser; tag picker; style factory,known: Toolkit stylesheet/class hook,"yes: flexGrow, height =, position., width =",held/legacy candidate: retained,17,4,d935962b914fede84e3b480373923172b723dee17667069b74132f72e0bd7ccf
BackSplashWindow,editor window,Editor,BackSplash,Editor/BackSplash/BackSplashWindow.cs,mixed UI Toolkit + IMGUI,UI Toolkit; ZUI; IMGUI; uGUI; custom painter,ZUI; asset browser,known: ZUI or legacy style state,"yes: flexGrow, height =",held/legacy candidate: retained,6,0,686db4643c3ccb3e56fadad2ed9180e4a1b65ab3e184ffa06c5a1186caf2a677
CabinetEditor,inspector,Editor,Cabinets,Editor/Cabinets/CabinetEditor.cs,UI Toolkit,UI Toolkit; ZUI; uGUI,ZUI; reflection/form,known: ZUI or legacy style state,none detected,not classified by source screening,1,0,22947fa27cf77697d9c120d3398f4e7d023f7e7ced3470db3d6c87a51338969f
CartographerWindow,editor window,Editor,Cartographer,Editor/Cartographer/CartographerWindow.cs,mixed UI Toolkit + IMGUI,UI Toolkit; ZUI; IMGUI; uGUI,ZUI; asset browser; style factory,known: Toolkit stylesheet/class hook,"yes: GeometryChangedEvent, flexGrow, height =, position., resolvedStyle, width =","held/legacy candidate: held, retained",46,1,6c751b03739d5cfd89faa0b31574e0041409a4362c51eaca31dcdb3fe7cdd06f
CartographerWindow,editor window,Editor,Cartographer,Editor/Cartographer/CartographerWindow.SceneTools.cs,UI Toolkit,UI Toolkit; ZUI; uGUI; custom painter,ZUI,known: ZUI or legacy style state,none detected,not classified by source screening,0,0,823b757b4cd83f444e86c93de5f28daec69f7d1911fff2dce5a3568bcea8c26e
PropWindow,editor window,Editor,Cartographer,Editor/Cartographer/PropWindow.cs,mixed UI Toolkit + IMGUI,UI Toolkit; ZUI; IMGUI; uGUI; custom painter,ZUI; asset browser; style factory,known: Toolkit stylesheet/class hook,"yes: GeometryChangedEvent, flexGrow, height =, width =",held/legacy candidate: legacy,42,0,0ec17312aa8cca5b94e62c36ba0a29e687cec83544f6700f7aaa9c03b3bd1f4e
PropWindow,editor window,Editor,Cartographer,Editor/Cartographer/PropWindow.Stamper.cs,UI Toolkit,UI Toolkit; ZUI; uGUI; custom painter,ZUI; asset browser,known: ZUI or legacy style state,none detected,not classified by source screening,0,0,66faf2bda4cdece058240d1d67a935b60538dc2d7075814ba67c7558526b9b54
TilesetBuilderWindow,editor window,Editor,Cartographer,Editor/Cartographer/TilesetBuilderWindow.cs,mixed UI Toolkit + IMGUI,UI Toolkit; ZUI; IMGUI; uGUI; custom painter,ZUI; asset browser; tag picker; reflection/form; style factory,known: Toolkit stylesheet/class hook,"yes: GeometryChangedEvent, flexGrow, height =, position., resolvedStyle, width =, worldBound","held/legacy candidate: legacy, held, retained",122,0,1b64928568b9c8591f04a9f09f66d2c8bff99343c295b729ba2289eba5a0b39f
ChoreographerWindow,editor window,Editor,Choreographer,Editor/Choreographer/ChoreographerWindow.cs,UI Toolkit,UI Toolkit; ZUI; uGUI; custom painter,ZUI; asset browser; style factory,known: Toolkit stylesheet/class hook,"yes: GeometryChangedEvent, flexGrow, height =, position., width =",not classified by source screening,27,1,a7599baf61ebe41dab640741e8400e8b89eb40f51e15e332ab9ef58103dfd844
ChunkFollowEmitterEditor,inspector,Editor,Chunks,Editor/Chunks/ChunkFollowEmitterEditor.cs,UI Toolkit,UI Toolkit; ZUI; uGUI,ZUI; asset browser,known: ZUI or legacy style state,"yes: height =, position., width =",held/legacy candidate: held,7,0,5d5fb73813eeaf093299b26aada678b060c9aed0ace60293abf0cb54bda3d46c
ChunkSpecEditor,inspector,Editor,Chunks,Editor/Chunks/ChunkSpecEditor.cs,UI Toolkit,UI Toolkit; ZUI; uGUI,ZUI; asset browser,known: ZUI or legacy style state,"yes: height =, resolvedStyle, width =",not classified by source screening,15,0,57e3db0b811b694678bbe2f2b293a3dba4b4ebf1e72ca2bd862b45b18e5820a5
ChunkWindow,editor window,Editor,Chunks,Editor/Chunks/ChunkWindow.CardState.cs,UI Toolkit,UI Toolkit; ZUI; uGUI,ZUI,known: ZUI or legacy style state,none detected,not classified by source screening,5,0,b25cb8cbca4b63daccbad451dbb71ec04a34e2b856204466e3f7f07499c7045d
ChunkWindow,editor window,Editor,Chunks,Editor/Chunks/ChunkWindow.cs,UI Toolkit,UI Toolkit; ZUI; uGUI,ZUI; asset browser; curve/envelope,known: ZUI or legacy style state,"yes: flexGrow, position.",not classified by source screening,9,0,60df41d9b2773b73c63347c659ed9d8bb72e4eb0e1b42d10a705017be5e94a48
ChunkWindow,editor window,Editor,Chunks,Editor/Chunks/ChunkWindow.CuesCard.cs,UI Toolkit,UI Toolkit; ZUI; uGUI,ZUI,known: ZUI or legacy style state,"yes: position., width =, worldBound",not classified by source screening,5,0,deccee074ee490b83284907fb5721f3c232a9f09a9e44c7294a30c34d4f25aa1
ChunkWindow,editor window,Editor,Chunks,Editor/Chunks/ChunkWindow.DebrisScatterCard.cs,UI Toolkit,UI Toolkit; ZUI; uGUI,ZUI; asset browser; reflection/form; curve/envelope; style factory,known: Toolkit stylesheet/class hook,yes: width =,not classified by source screening,4,1,661a1755e156e3b85c619c7080371b91d776b094f5de5aef23564b303fa351ab
ChunkWindow,editor window,Editor,Chunks,Editor/Chunks/ChunkWindow.FragmentFractureCard.cs,UI Toolkit,UI Toolkit; ZUI; uGUI,ZUI; asset browser; curve/envelope,known: ZUI or legacy style state,none detected,not classified by source screening,0,0,12bc5678ed0d4b998e0e9096f35e15e382240860b0545e0cf9d7c8621ab0cc44
ChunkWindow,editor window,Editor,Chunks,Editor/Chunks/ChunkWindow.HitsCard.cs,UI Toolkit,UI Toolkit; ZUI; uGUI,ZUI,known: ZUI or legacy style state,none detected,not classified by source screening,0,0,ed88de68c12153564353fab588ad0efeed06d931176a4065aad5cc016d82d6e0
ChunkWindow,editor window,Editor,Chunks,Editor/Chunks/ChunkWindow.LayerPlanCard.cs,UI Toolkit,UI Toolkit; ZUI; uGUI,ZUI,known: ZUI or legacy style state,"yes: flexGrow, height =, width =",not classified by source screening,17,0,832b2be3ed4a5e90d4338a7ada05a254f2ac436676f93eb0e6e2ae38487261d2
ChunkWindow,editor window,Editor,Chunks,Editor/Chunks/ChunkWindow.PaletteSplashCard.cs,UI Toolkit,UI Toolkit; ZUI; uGUI,ZUI; asset browser; curve/envelope,known: ZUI or legacy style state,"yes: Measure, position.",not classified by source screening,0,0,9e4769842bb789a965ed1f74b0f49adaef59f0bbbade676e82434daa37d5180f
ChunkWindow,editor window,Editor,Chunks,Editor/Chunks/ChunkWindow.Preview.cs,mixed UI Toolkit + IMGUI,UI Toolkit; ZUI; IMGUI; uGUI; custom painter,ZUI; style factory,known: Toolkit stylesheet/class hook,"yes: flexGrow, height =, width =","held/legacy candidate: held, retained",12,1,d86dcdea3889dd0f52e50daa62c919f153b4ca14b863ad2f83be4848eb34b33a
ChunkWindow,editor window,Editor,Chunks,Editor/Chunks/ChunkWindow.PyreBlastCard.cs,UI Toolkit,UI Toolkit; ZUI; uGUI,ZUI; reflection/form,known: ZUI or legacy style state,"yes: Measure, width =",held/legacy candidate: retained,2,0,f002cfb68ab4c4586effdc3e168d16eb0cffabc32b51aa68ae4aca1eae9ff38d
ChunkWindow,editor window,Editor,Chunks,Editor/Chunks/ChunkWindow.Recipe.cs,UI Toolkit,UI Toolkit; ZUI; uGUI,ZUI; asset browser; reflection/form; style factory,known: Toolkit stylesheet/class hook,"yes: height =, position., width =","held/legacy candidate: legacy, held",28,3,d93d752e79e2096d474f922f217a0ad00d9b0092ed1875eed9b2d2b4ed4a4703
ChunkWindow,editor window,Editor,Chunks,Editor/Chunks/ChunkWindow.Timing.cs,UI Toolkit,UI Toolkit; ZUI; uGUI,ZUI,known: ZUI or legacy style state,none detected,not classified by source screening,0,0,9f5c720e952b4e6060d8167b07767b9e5072754ea9ae7cff8221db7b0c29743d
ChunkWindow,editor window,Editor,Chunks,Editor/Chunks/ChunkWindow.TrailCard.cs,UI Toolkit,UI Toolkit; ZUI; uGUI,ZUI,known: ZUI or legacy style state,none detected,not classified by source screening,0,0,4bd43644d10c949abd26e1769732a1102cca084bd40a74d21f227a2dd719f8c1
ChunkWindow,editor window,Editor,Chunks,Editor/Chunks/ChunkWindow.TrajectoryCard.cs,UI Toolkit,UI Toolkit; ZUI; uGUI,ZUI,known: ZUI or legacy style state,none detected,not classified by source screening,0,0,76fa13c6ebab8127a61aaaa8e4a8f92a6292beb97eaf282d27958b40f69c44e5
BrainGraphWindow,inspector,Editor,Daemon,Editor/Daemon/BrainGraphWindow.cs,IMGUI,IMGUI,none detected,unknown: inspect visual path,none detected,not classified by source screening,0,0,c7b5f0fca610e701e65b42d4cd52de211bab9dddd1f18bdf545d75381fd6bdac
BrainInspector,inspector,Editor,Daemon,Editor/Daemon/BrainGraphWindow.cs,IMGUI,IMGUI,none detected,unknown: inspect visual path,none detected,not classified by source screening,0,0,c7b5f0fca610e701e65b42d4cd52de211bab9dddd1f18bdf545d75381fd6bdac
DashboardEditorWindow,editor window,Editor,Dashboard,Editor/Dashboard/DashboardEditorWindow.cs,IMGUI,IMGUI,reflection/form,unknown: inspect visual path,yes: height =,not classified by source screening,0,0,8903d4fedc7e3f5bf9ceb7681ebec2fd542d9870cf85d5494e1cdf017d60590e
DotGenWindow,editor window,Editor,DotGen,Editor/DotGen/DotGenCardsFill.cs,UI Toolkit,UI Toolkit; ZUI; uGUI,ZUI,known: ZUI or legacy style state,none detected,not classified by source screening,2,0,1e27697fe7e07780772167f65914e95de4c6170ce56bef5e0a80b6dd527abc3f
DotGenWindow,editor window,Editor,DotGen,Editor/DotGen/DotGenWindow.Cards.cs,UI Toolkit,UI Toolkit; ZUI; uGUI,ZUI; reflection/form; style factory,known: Toolkit stylesheet/class hook,"yes: flexGrow, width =",not classified by source screening,15,5,13770d9ba749659677b96dd330d5463ace62f6cb83ee2cc7fa8893cef264c791
DotGenWindow,editor window,Editor,DotGen,Editor/DotGen/DotGenWindow.cs,UI Toolkit,UI Toolkit; ZUI; uGUI,ZUI; reflection/form; style factory,known: Toolkit stylesheet/class hook,"yes: flexGrow, height =, position., width =",held/legacy candidate: held,43,2,757627e30efee95737ba6b779470b96fbb282c7a648b80b43103ff23496e4cec
DotGenWindow,editor window,Editor,DotGen,Editor/DotGen/DotGenWindow.Gizmos.cs,IMGUI,IMGUI; custom painter,none detected,unknown: inspect visual path,none detected,not classified by source screening,0,0,00e43fad6322a84f15dcfa260d4731862c4d5c7b476dcf05c0c836334b363a2d
DotGenWindow,editor window,Editor,DotGen,Editor/DotGen/DotGenWindow.Preview.cs,mixed UI Toolkit + IMGUI,UI Toolkit; ZUI; IMGUI; uGUI; custom painter,ZUI; style factory,known: Toolkit stylesheet/class hook,"yes: GetRect, flexGrow, height =, width =",not classified by source screening,31,1,6b4b1b419bda4de9487604db9decb6a7c336e4b95c3df28a9ffcf33ea97d5741
LarderWindow,editor window,Editor,Larder,Editor/Larder/LarderWindow.cs,UI Toolkit,UI Toolkit; ZUI; uGUI,ZUI; reflection/form,known: ZUI or legacy style state,"yes: flexGrow, height =, width =",not classified by source screening,29,0,f422db85304fd67a623c7fba892f93b130fea5be9021dee4e8175dadddff6309
LatheMoldWindow,editor window,Editor,Lathe,Editor/Lathe/LatheMoldWindow.cs,mixed UI Toolkit + IMGUI,UI Toolkit; ZUI; IMGUI; uGUI; custom painter,ZUI; reflection/form; style factory,known: Toolkit stylesheet/class hook,"yes: GetRect, flexGrow, width =",not classified by source screening,14,2,b31cbe070b6c83f736d097be9a9c2a29091e65e02d750870cb37c646de98cd5e
LatheWindow,editor window,Editor,Lathe,Editor/Lathe/LatheWindow.cs,mixed UI Toolkit + IMGUI,UI Toolkit; ZUI; IMGUI; uGUI; custom painter,ZUI; reflection/form; style factory,known: Toolkit stylesheet/class hook,"yes: GetRect, flexGrow",not classified by source screening,10,1,8dce550ef41c1891c673c2db25df5406db7732f17d6f975b84dff99132f6598f
LatheWindow,editor window,Editor,Lathe,Editor/Lathe/LatheWindow.Gizmo.cs,custom painter,custom painter,none detected,unknown: inspect visual path,none detected,not classified by source screening,0,0,d24ed3b5ebd4bcc9c0e6f25434e66fa4741c98501c16191388ff48c766ea9570
LatheWindow,editor window,Editor,Lathe,Editor/Lathe/LatheWindow.Modifiers.cs,UI Toolkit,UI Toolkit; ZUI; uGUI,ZUI; reflection/form,known: ZUI or legacy style state,none detected,not classified by source screening,0,0,4d02fb9656a0d6b1f8233758a030faf1304f0aef587a798fa483f253d9dca847
LatheWindow,editor window,Editor,Lathe,Editor/Lathe/LatheWindow.Module.cs,UI Toolkit,UI Toolkit; ZUI; uGUI,ZUI; reflection/form,known: ZUI or legacy style state,none detected,not classified by source screening,0,0,98cc0a459eb2fe407eb111b2a3e028220d454e5cbaa2ec6e738182b0b13ebca0
LatheWindow,editor window,Editor,Lathe,Editor/Lathe/LatheWindow.Skeleton.cs,mixed UI Toolkit + IMGUI,UI Toolkit; ZUI; IMGUI; uGUI; custom painter,ZUI,known: ZUI or legacy style state,none detected,held/legacy candidate: held,0,0,b198db512fa0b58cfe457f2c79a4986b642cfeac76f1fb8e1e4117cf1149cf1d
LatheWindow,editor window,Editor,Lathe,Editor/Lathe/LatheWindow.Solids.cs,UI Toolkit,UI Toolkit; ZUI; uGUI,ZUI; style factory,known: Toolkit stylesheet/class hook,"yes: flexGrow, width =",not classified by source screening,7,2,4226863c82c253215c3267f3c65ceaa439189288f62067c03d981a0f7e7186a4
AnimationAsepriteWindow,editor window,Editor,Launimator,Editor/Launimator/AnimationAsepriteWindow.cs,UI Toolkit,UI Toolkit; ZUI; uGUI,ZUI,known: ZUI or legacy style state,none detected,not classified by source screening,0,0,07d0e6deb64801da8f892b55dea3a205b5730f5a2e6ee641d64ab6089a91f10f
LauminationBuilderWindow,editor window,Editor,Launimator,Editor/Launimator/AnimationBuilderWindow.AutoSlice.cs,IMGUI,IMGUI,none detected,unknown: inspect visual path,none detected,not classified by source screening,0,0,27195f61f1969fcbb56b2dbcb1503edc9704e66a1165584a7a8051ff3c3a0640
NamePromptWindow,editor window,Editor,Launimator,Editor/Launimator/AnimationBuilderWindow.AutoSlice.cs,IMGUI,IMGUI,none detected,unknown: inspect visual path,none detected,not classified by source screening,0,0,27195f61f1969fcbb56b2dbcb1503edc9704e66a1165584a7a8051ff3c3a0640
LauminationBuilderWindow,editor window,Editor,Launimator,Editor/Launimator/AnimationBuilderWindow.Undo.cs,unknown / no renderer evidence,no lexical renderer marker,none detected,unknown,none detected,not classified by source screening,0,0,fc8a5f47e40918367459ffa016efaac7c52bfb7e2236a61efb66cb9f2ac70936
LauminaryBrowserWindow,editor window,Editor,Launimator,Editor/Launimator/LauminaryBrowserWindow.cs,mixed UI Toolkit + IMGUI,UI Toolkit; ZUI; IMGUI; uGUI,ZUI; style factory,known: Toolkit stylesheet/class hook,"yes: flexGrow, height =, width =",held/legacy candidate: retained,23,3,ad6f250dd939ab3c94cb77178caaa058e2051e195fc2ed65e7f68883a69d4db2
LauminationBuilderWindow,editor window,Editor,Launimator,Editor/Launimator/LauminationBuilderWindow.Browser.cs,UI Toolkit,UI Toolkit; ZUI; uGUI,ZUI; style factory,known: Toolkit stylesheet/class hook,"yes: flexGrow, height =",not classified by source screening,12,1,8ada80c4228d198d0b402225f96fea0c774cab021c6b7e994bd15107ad5c7430
LauminationBuilderWindow,editor window,Editor,Launimator,Editor/Launimator/LauminationBuilderWindow.cs,mixed UI Toolkit + IMGUI,UI Toolkit; ZUI; IMGUI; uGUI; custom painter,ZUI; reflection/form; style factory,known: Toolkit stylesheet/class hook,"yes: GeometryChangedEvent, GetRect, flexGrow, height =, position., resolvedStyle, width =, worldBound",held/legacy candidate: retained,56,1,3390f04afcf92d8203d31a2f498bb2f089f9c7f991f8656b0c99078d46830847
InfoPopup,popover,Editor,Launimator,Editor/Launimator/LauminationBuilderWindow.cs,mixed UI Toolkit + IMGUI,UI Toolkit; ZUI; IMGUI; uGUI; custom painter,ZUI; reflection/form; style factory,known: Toolkit stylesheet/class hook,"yes: GeometryChangedEvent, GetRect, flexGrow, height =, position., resolvedStyle, width =, worldBound",held/legacy candidate: retained,56,1,3390f04afcf92d8203d31a2f498bb2f089f9c7f991f8656b0c99078d46830847
ColorPalettePopup,popover,Editor,Launimator,Editor/Launimator/LauminationBuilderWindow.cs,mixed UI Toolkit + IMGUI,UI Toolkit; ZUI; IMGUI; uGUI; custom painter,ZUI; reflection/form; style factory,known: Toolkit stylesheet/class hook,"yes: GeometryChangedEvent, GetRect, flexGrow, height =, position., resolvedStyle, width =, worldBound",held/legacy candidate: retained,56,1,3390f04afcf92d8203d31a2f498bb2f089f9c7f991f8656b0c99078d46830847
LauminationBuilderWindow,editor window,Editor,Launimator,Editor/Launimator/LauminationBuilderWindow.Zones.cs,mixed UI Toolkit + IMGUI,UI Toolkit; ZUI; IMGUI; uGUI,ZUI,known: ZUI or legacy style state,"yes: height =, width =",not classified by source screening,6,0,122ef3ea1e3d23135c77c334ed67336364da02c8223b8e276f9cb3e85f8905c0
RecentSheetsPopup,popover,Editor,Launimator,Editor/Launimator/RecentSheetsPopup.cs,IMGUI,IMGUI,none detected,unknown: inspect visual path,none detected,not classified by source screening,0,0,c5a32977717fdcb5732ed431b242b371326c0d7bd283a407a4f8150c2253968f
SpriteCatalogWindow,editor window,Editor,Launimator,Editor/Launimator/SpriteCatalogWindow.cs,mixed UI Toolkit + IMGUI,UI Toolkit; ZUI; IMGUI; uGUI; custom painter,ZUI; asset browser,known: ZUI or legacy style state,"yes: flexGrow, height =, width =",held/legacy candidate: retained,18,0,41098992b187751be089f874a228aa193a867672e31b812748f01f940b0aa55b
LazorWindow,editor window,Editor,Lazor,Editor/Lazor/LazorWindow.Canvas.cs,ZUI / IMGUI,ZUI; IMGUI; uGUI; custom painter,ZUI; reflection/form,known: ZUI or legacy style state,none detected,held/legacy candidate: legacy,0,0,4f3d470964b44e902354698361a8f49cb331b6c9ee7de9ce4387204830b45f92
LazorWindow,editor window,Editor,Lazor,Editor/Lazor/LazorWindow.cs,mixed UI Toolkit + IMGUI,UI Toolkit; ZUI; IMGUI; uGUI,ZUI; style factory,known: Toolkit stylesheet/class hook,"yes: flexGrow, position., width =",held/legacy candidate: retained,13,1,a5218942eddc2270c32f879db9f00d4c6d18cb35a482223a4a51b197dc3c956f
LazorWindow,editor window,Editor,Lazor,Editor/Lazor/LazorWindow.Layers.cs,mixed UI Toolkit + IMGUI,UI Toolkit; ZUI; IMGUI; uGUI,ZUI; reflection/form,known: Toolkit stylesheet/class hook,"yes: flexGrow, height =, width =",held/legacy candidate: retained,16,0,6395a19957c133d737066615a26296e807e9ad243f023283c210741546edba42
LazorWindow,editor window,Editor,Lazor,Editor/Lazor/LazorWindow.Preview.cs,IMGUI,IMGUI; custom painter,reflection/form,unknown: inspect visual path,none detected,held/legacy candidate: legacy,0,0,d401ebd7573c2f40d5a6be06e2cb3dc19b437a1e310b1227b3ee931d13759b1c
GraphWindowBase,editor window,Editor,Loom,Editor/Loom/GraphEditor.cs,UI Toolkit,UI Toolkit; uGUI,reflection/form,unknown: inspect visual path,"yes: flexGrow, width =",not classified by source screening,16,0,b30041418b518157c3f3470bce8409715c6ae11ea5454463ec37ef90c457e2e2
MirageWindow,editor window,Editor,Mirage,Editor/Mirage/MirageWindow.cs,mixed UI Toolkit + IMGUI,UI Toolkit; ZUI; IMGUI; uGUI,ZUI; asset browser; style factory,known: Toolkit stylesheet/class hook,"yes: GeometryChangedEvent, flexGrow, height =, position., resolvedStyle, width =, worldBound",held/legacy candidate: retained,29,1,cd1f9cd9c36e6373238bf39f8800e50f3015cf306ab778328133bf2f127af692
NotifyerLog,editor window,Editor,Notifyer,Editor/Notifyer/NotifyerLog.cs,IMGUI,IMGUI; custom painter,none detected,unknown: inspect visual path,"yes: height =, position.",not classified by source screening,0,0,0c1d4f8a309bd6c17580b6ac3c00e8621aa3743034d2e94c1ca97d1863eda31d
OvertureVisualEditor,inspector,Editor,Overture,Editor/Overture/OvertureVisualEditor.cs,IMGUI,IMGUI,reflection/form,unknown: inspect visual path,none detected,not classified by source screening,0,0,b41892db6ead4e2a3109eed59d0b04e178a5148eb82543e759f97dbedb1928dd
PyreWindow,editor window,Editor,Pyre,Editor/Pyre/PyreWindow.CherryFraming.cs,UI Toolkit,UI Toolkit; ZUI; uGUI,ZUI,known: ZUI or legacy style state,"yes: flexGrow, height =, width =, worldBound",not classified by source screening,42,0,9077a45aa141580e1df0b6d7cff974ce74b4708209ab3818ad2cd7f63da9573f
PyreWindow,editor window,Editor,Pyre,Editor/Pyre/PyreWindow.cs,mixed UI Toolkit + IMGUI,UI Toolkit; ZUI; IMGUI; uGUI,ZUI; reflection/form; style factory,known: Toolkit stylesheet/class hook,"yes: flexGrow, height =, position., width =","held/legacy candidate: legacy, held",53,7,cea9cfc92a13410282b7f09ab10075d70242d741fcbc7edb53e331522e70def2
PyreWindow,editor window,Editor,Pyre,Editor/Pyre/PyreWindow.Forms.cs,UI Toolkit,UI Toolkit; ZUI; uGUI,ZUI; reflection/form; style factory,known: Toolkit stylesheet/class hook,none detected,not classified by source screening,6,4,fdc595294f444c2e147aefff24028a173da1b60ff40c86d8c13840eda32836ca
PyreWindow,editor window,Editor,Pyre,Editor/Pyre/PyreWindow.FrameCache.cs,UI Toolkit,UI Toolkit; uGUI,reflection/form,unknown: inspect visual path,none detected,not classified by source screening,1,0,53c9f9ef060571eb1b94d73689ee3a5b377c894c598e73c72cd844d19341f366
PyreWindow,editor window,Editor,Pyre,Editor/Pyre/PyreWindow.Modifiers.cs,UI Toolkit,UI Toolkit; ZUI; uGUI,ZUI; reflection/form; style factory,known: Toolkit stylesheet/class hook,yes: width =,held/legacy candidate: held,2,2,251af3dc56ba945e5fe9bc63a9efecd158373c36eb94889e6755e81002443ffd
PyreWindow,editor window,Editor,Pyre,Editor/Pyre/PyreWindow.Preview.cs,ZUI / IMGUI,ZUI; IMGUI; custom painter,ZUI; reflection/form; curve/envelope,known: ZUI or legacy style state,"yes: GetRect, position.",held/legacy candidate: held,0,0,052a4a666b6ab28ce830b615caf0b7144d7be3a727402f6197a7ed9d9c42cbb5
RulesEditorWindow,editor window,Editor,Rulesets,Editor/Rulesets/RulesEditorWindow.cs,UI Toolkit,UI Toolkit; ZUI; uGUI,ZUI; reflection/form; style factory,known: Toolkit stylesheet/class hook,"yes: flexGrow, height =, width =",not classified by source screening,25,4,68f53e719c6c3c1a8372dba1f62d7a8b1f7821cafa31d47b2386b0c8b5454527
SimpleMenuBaseEditor,inspector,Editor,SimpleMenu,Editor/SimpleMenu/SimpleMenuBaseEditor.cs,IMGUI,IMGUI,reflection/form,unknown: inspect visual path,none detected,not classified by source screening,0,0,c311529fb269bf7ad664ba97b368824433d7270c4ad82776310f6b2c4e567404
fields,inspector,Editor,SimpleMenu,Editor/SimpleMenu/SimpleMenuBaseEditor.cs,IMGUI,IMGUI,reflection/form,unknown: inspect visual path,none detected,not classified by source screening,0,0,c311529fb269bf7ad664ba97b368824433d7270c4ad82776310f6b2c4e567404
SimpleMenuEditor,inspector,Editor,SimpleMenu,Editor/SimpleMenu/SimpleMenuEditor.cs,IMGUI,IMGUI,reflection/form,unknown: inspect visual path,none detected,not classified by source screening,0,0,fdf5bca3878c20b51be36a909f47763d355344955694ceb313b26fed354cd3cd
SimpleMenuSettingsEditor,inspector,Editor,SimpleMenu,Editor/SimpleMenu/SimpleMenuSettingsEditor.cs,IMGUI,IMGUI,none detected,unknown: inspect visual path,none detected,not classified by source screening,0,0,a03a7cb342f2f3432e5d408869a1dc6ae6c68b415fe31dca1a2b65c71d8fccaa
SimpleMenuVisualEditor,inspector,Editor,SimpleMenu,Editor/SimpleMenu/SimpleMenuVisualEditor.cs,IMGUI,IMGUI,reflection/form,unknown: inspect visual path,none detected,not classified by source screening,0,0,ee084572573be9bd1f40084c10829155dd0a5fad2b717ddf8c6d215db4f0cd8b
SimpleUIBuilderEditor,inspector,Editor,SimpleUI,Editor/SimpleUI/SimpleUIBuilderEditor.cs,IMGUI,IMGUI,none detected,unknown: inspect visual path,none detected,not classified by source screening,0,0,10f66840b13abc353b003f7b44c6d69a0108af35f16d84c83be65fe3c6bb8d19
SimpleUIViewEditor,inspector,Editor,SimpleUI,Editor/SimpleUI/SimpleUIViewEditor.cs,IMGUI,IMGUI,reflection/form,unknown: inspect visual path,none detected,not classified by source screening,0,0,fa95b7eca61edd277b2474e9e2d791bb1a0af19f81896554d171272ff17c2143
name,inspector,Editor,SimpleUI,Editor/SimpleUI/SimpleUIViewEditor.cs,IMGUI,IMGUI,reflection/form,unknown: inspect visual path,none detected,not classified by source screening,0,0,fa95b7eca61edd277b2474e9e2d791bb1a0af19f81896554d171272ff17c2143
with,inspector,Editor,SimpleUI,Editor/SimpleUI/SimpleUIViewEditor.cs,IMGUI,IMGUI,reflection/form,unknown: inspect visual path,none detected,not classified by source screening,0,0,fa95b7eca61edd277b2474e9e2d791bb1a0af19f81896554d171272ff17c2143
MemberData,inspector,Editor,SimpleUI,Editor/SimpleUI/SimpleUIViewEditor.cs,IMGUI,IMGUI,reflection/form,unknown: inspect visual path,none detected,not classified by source screening,0,0,fa95b7eca61edd277b2474e9e2d791bb1a0af19f81896554d171272ff17c2143
ColorRemapGpuEditor,inspector,Editor,SpriteFx,Editor/SpriteFx/ColorRemapGpuEditor.cs,UI Toolkit,UI Toolkit; ZUI; uGUI,ZUI; reflection/form,known: ZUI or legacy style state,none detected,not classified by source screening,0,0,89863815a9cb2cdca65108d987988598fa9f7d39731f9bb198de296d29c99fcb
SpriteFxFilterEditor,inspector,Editor,SpriteFx,Editor/SpriteFx/SpriteFxFilterEditor.cs,UI Toolkit,UI Toolkit; ZUI; uGUI,ZUI; asset browser; reflection/form; curve/envelope,known: ZUI or legacy style state,none detected,not classified by source screening,1,0,fd3c39ba85b796d1c5b510f15943f7e217f3b9ce8e9c04e4a041bb7f1700ce5e
SpriteFxRecolorEditor,inspector,Editor,SpriteFx,Editor/SpriteFx/SpriteFxRecolorEditor.cs,UI Toolkit,UI Toolkit; ZUI; uGUI,ZUI; reflection/form,known: ZUI or legacy style state,none detected,not classified by source screening,0,0,79259d356646b88a1275cd823722dbbf86c9c84d7f0330ad2614343577151918
SpriteFxStackWindow,editor window,Editor,SpriteFx,Editor/SpriteFx/SpriteFxStackWindow.cs,UI Toolkit,UI Toolkit; ZUI; uGUI,ZUI; asset browser; reflection/form; curve/envelope,known: ZUI or legacy style state,"yes: GeometryChangedEvent, flexGrow, height =, resolvedStyle, width =",held/legacy candidate: retained,54,0,217608fcbaedccdc10e96331b0ab7085300b8e9664266d94cc1c932f70f8ec56
StatefulUIEditor,inspector,Editor,StatefulUI,Editor/StatefulUI/StatefulUIEditor.cs,IMGUI,IMGUI,reflection/form,unknown: inspect visual path,none detected,not classified by source screening,0,0,b24c3c7351f44c96d697189bfa0a12c34144ac6c628133c204dbfb37e00a155c
StatefulVisualEditor,inspector,Editor,StatefulUI,Editor/StatefulUI/StatefulVisualEditor.cs,IMGUI,IMGUI,reflection/form,unknown: inspect visual path,none detected,not classified by source screening,0,0,3b985d158a791e508573e54193af911184377304b314e64dc58cd5d3f4e87393
ScreenplayInspector,inspector,Editor,Story,Editor/Story/ScreenplayInspector.cs,IMGUI,IMGUI,none detected,unknown: inspect visual path,none detected,not classified by source screening,0,0,db24e91383746ff8d9bd17761ea3c7c9254aa3b4bac4d59b42466ee05c0e65f1
StoryGraphWindow,editor window,Editor,Story,Editor/Story/StoryGraphWindow.cs,unknown / no renderer evidence,no lexical renderer marker,none detected,unknown,none detected,not classified by source screening,0,0,17fcdb715635a3d33ef2ba7e3d8410a799254398b7f8b2a81970356dbfb7b364
StoryInspector,inspector,Editor,Story,Editor/Story/StoryInspector.cs,IMGUI,IMGUI,none detected,unknown: inspect visual path,none detected,not classified by source screening,0,0,d1f667dd957eb31a11ff4bc5688a8d4209353dbfaeabc52f561de48b3b47b31c
TapestryWindow,editor window,Editor,Tapestry,Editor/Tapestry/TapestryWindow.cs,mixed UI Toolkit + IMGUI,UI Toolkit; ZUI; IMGUI; uGUI,ZUI; style factory,known: Toolkit stylesheet/class hook,"yes: flexGrow, position.",not classified by source screening,10,1,f094971be4b5d9797b08cf1205df3c20a93f8baf819c93d112b6475044ae7c5f
TapestryWindow,editor window,Editor,Tapestry,Editor/Tapestry/TapestryWindow.Generators.cs,UI Toolkit,UI Toolkit; ZUI; uGUI,ZUI; reflection/form,known: ZUI or legacy style state,none detected,not classified by source screening,0,0,84b884e69965ccd5a112ef891fe46c337454d37af958905b8a42515f9180919f
TapestryWindow,editor window,Editor,Tapestry,Editor/Tapestry/TapestryWindow.Layers.cs,UI Toolkit,UI Toolkit; ZUI; uGUI,ZUI; style factory,known: Toolkit stylesheet/class hook,"yes: flexGrow, width =",not classified by source screening,7,2,74675c328e602547cc29319ba3cfe48051a1d9e0d0bd0e07a224e7113f584a6c
TapestryWindow,editor window,Editor,Tapestry,Editor/Tapestry/TapestryWindow.Modifiers.cs,UI Toolkit,UI Toolkit; ZUI; uGUI,ZUI; reflection/form,known: ZUI or legacy style state,none detected,not classified by source screening,0,0,4044172f0a12b8a937c6479efb16c403325d28075660b8ab831f84687ab60d53
TapestryWindow,editor window,Editor,Tapestry,Editor/Tapestry/TapestryWindow.Preview.cs,IMGUI,IMGUI; custom painter,none detected,unknown: inspect visual path,yes: GetRect,not classified by source screening,0,0,5fa480dfbad85a4fe0cedb18fc65b2eb3da9fac40468510b9d1a27bdd87e7929
TextSplashWindow,editor window,Editor,TextSplash,Editor/TextSplash/TextSplashWindow.cs,mixed UI Toolkit + IMGUI,UI Toolkit; ZUI; IMGUI; uGUI; custom painter,ZUI; asset browser; reflection/form,known: ZUI or legacy style state,"yes: GetRect, Measure, flexGrow, width =","held/legacy candidate: held, retained",13,0,6e1112ff43a74bf8fe8336d6488fa13a0f7f3e594978d20316dc7bd11e193422
WorldSpaceUINavigationEditor,inspector,Editor,WorldSpaceUINavigation,Editor/WorldSpaceUINavigation/WorldSpaceUINavigationEditor.cs,unknown / no renderer evidence,no lexical renderer marker,none detected,unknown,none detected,not classified by source screening,0,0,7d016e95de3213ef7cef3c8c7b109499c7d5e14fc1d8a473039b66c2b51c90f8
ZoePaletteHealthWindow,editor window,Editor,Zoetrope,Editor/Zoetrope/ZoePaletteHealthWindow.cs,UI Toolkit,UI Toolkit; ZUI; uGUI,ZUI,known: ZUI or legacy style state,yes: flexGrow,not classified by source screening,1,0,a0116e65773048871610d7014519c189e7220b73144aa190c6dd2a7fc288a701
ZoetropeDefWindow,editor window,Editor,Zoetrope,Editor/Zoetrope/ZoetropeWindows.cs,mixed UI Toolkit + IMGUI,UI Toolkit; ZUI; IMGUI; uGUI,ZUI; asset browser; reflection/form; style factory,known: Toolkit stylesheet/class hook,"yes: GeometryChangedEvent, GetRect, Measure, flexGrow, height =, position., resolvedStyle, width =, worldBound","held/legacy candidate: legacy, held, retained",52,3,426bd56dec1987d62ab41e61a5be2c80ed8c4e2d047a057f7342cc51805e9ea4
ZoeWindow,editor window,Editor,Zoetrope,Editor/Zoetrope/ZoetropeWindows.cs,mixed UI Toolkit + IMGUI,UI Toolkit; ZUI; IMGUI; uGUI,ZUI; asset browser; reflection/form; style factory,known: Toolkit stylesheet/class hook,"yes: GeometryChangedEvent, GetRect, Measure, flexGrow, height =, position., resolvedStyle, width =, worldBound","held/legacy candidate: legacy, held, retained",52,3,426bd56dec1987d62ab41e61a5be2c80ed8c4e2d047a057f7342cc51805e9ea4
WeaponDefWindow,editor window,Editor,Zoetrope,Editor/Zoetrope/ZoetropeWindows.cs,mixed UI Toolkit + IMGUI,UI Toolkit; ZUI; IMGUI; uGUI,ZUI; asset browser; reflection/form; style factory,known: Toolkit stylesheet/class hook,"yes: GeometryChangedEvent, GetRect, Measure, flexGrow, height =, position., resolvedStyle, width =, worldBound","held/legacy candidate: legacy, held, retained",52,3,426bd56dec1987d62ab41e61a5be2c80ed8c4e2d047a057f7342cc51805e9ea4
AmmoDefWindow,editor window,Editor,Zoetrope,Editor/Zoetrope/ZoetropeWindows.cs,mixed UI Toolkit + IMGUI,UI Toolkit; ZUI; IMGUI; uGUI,ZUI; asset browser; reflection/form; style factory,known: Toolkit stylesheet/class hook,"yes: GeometryChangedEvent, GetRect, Measure, flexGrow, height =, position., resolvedStyle, width =, worldBound","held/legacy candidate: legacy, held, retained",52,3,426bd56dec1987d62ab41e61a5be2c80ed8c4e2d047a057f7342cc51805e9ea4
ZoePreviewWindow,editor window,Editor,ZoetropeLaunimator,Editor/ZoetropeLaunimator/ZoePreviewWindow.cs,ZUI / IMGUI,ZUI; IMGUI,ZUI,known: ZUI or legacy style state,yes: GetRect,not classified by source screening,0,0,140fe16ebd98a374963a4656bc4a79b42538108e30048447e395d5ff35ce9085
AddZoundPopup,popover,Editor,Zounds,Editor/Zounds/EditorWindows/AddZoundPopup.cs,IMGUI,IMGUI,none detected,unknown: inspect visual path,none detected,held/legacy candidate: legacy,0,0,020f618c844eaf00f34ffdec117068a8f502649e177e9409b9c71bd15c988377
ChainAnalyserWindow,editor window,Editor,Zounds,Editor/Zounds/EditorWindows/ChainAnalyserWindow.cs,IMGUI,IMGUI,none detected,unknown: inspect visual path,yes: position.,not classified by source screening,0,0,19729ac2ed65f6be10a2da2269ff59db5a2bbddd1b26d7b28d0fd7256c34126e
ChainLibraryPopup,popover,Editor,Zounds,Editor/Zounds/EditorWindows/ChainLibraryPopup.cs,ZUI / IMGUI,ZUI; IMGUI,ZUI,known: ZUI or legacy style state,none detected,not classified by source screening,0,0,3efeaec87e5567d1ee054ac98743348fd5042ef34dd9ee2b9d321cc734835ad6
InfoViewWindow,editor window,Editor,Zounds,Editor/Zounds/EditorWindows/InfoViewWindow.cs,IMGUI,IMGUI,reflection/form,unknown: inspect visual path,none detected,not classified by source screening,0,0,61346e0395dccacf8f2b4f8f628ae9c19c66957a83da766dc3aa2a69c56a8fe7
RenderZequenceToKlipPopup,popover,Editor,Zounds,Editor/Zounds/EditorWindows/RenderZequenceToKlipPopup.cs,IMGUI,IMGUI,curve/envelope,unknown: inspect visual path,yes: position.,not classified by source screening,0,0,703b24d789e9e5e28c1bb9747d1fe8a9eee89a7fb0029c91e8eed8136e5f2874
RepeatSettingsPopup,popover,Editor,Zounds,Editor/Zounds/EditorWindows/RepeatSettingsPopup.cs,ZUI / IMGUI,ZUI; IMGUI,ZUI,known: ZUI or legacy style state,none detected,not classified by source screening,0,0,8c91018e545188de36b1257737106d5648215f61ad018062097605b744e6b749
SavePresetPopup,popover,Editor,Zounds,Editor/Zounds/EditorWindows/SavePresetPopup.cs,IMGUI,IMGUI,none detected,unknown: inspect visual path,none detected,not classified by source screening,0,0,8b85be08b443cfa9665fbd1b37644f6ca9db0dc2f52cd0cf8f2cc9ebf2490377
TagsEditorWindow,editor window,Editor,Zounds,Editor/Zounds/EditorWindows/TagsEditorWindow.cs,IMGUI,IMGUI; custom painter,reflection/form,unknown: inspect visual path,"yes: GetRect, height =, position., width =",not classified by source screening,0,0,182bf6b5aa54e98a6f7da435253ba9651248f2fcc583a5de965b84df9b55ee84
BaseZoundEditorWindow,editor window,Editor,Zounds,Editor/Zounds/EditorWindows/ZoundEditorWindows/BaseZoundEditorWindow.cs,ZUI / IMGUI,ZUI; IMGUI,ZUI,known: ZUI or legacy style state,yes: position.,not classified by source screening,0,0,bd386dece9d38b7a36712137138986cf575805859cceb88fd06dc1b25fd9f073
CompositeZoundEditorWindow,editor window,Editor,Zounds,Editor/Zounds/EditorWindows/ZoundEditorWindows/CompositeZoundEditorWindow.cs,ZUI / IMGUI,ZUI; IMGUI; custom painter,ZUI; curve/envelope,known: ZUI or legacy style state,yes: GetRect,not classified by source screening,0,0,9b7f38cc260b25f964cc9fe3773ebbb67561ae891095fdc402f287af55d28d45
CompositeZoundEditorWindow,editor window,Editor,Zounds,Editor/Zounds/EditorWindows/ZoundEditorWindows/CompositeZoundEditorWindow_Group.cs,ZUI / IMGUI,ZUI; IMGUI; custom painter,ZUI; curve/envelope,known: ZUI or legacy style state,"yes: height =, width =",not classified by source screening,0,0,876de85e83e0cd27bd5bf6e1a3f15a068ad0f9ac42f02e1b9c84d05fd41cfe9e
ImportTrimPopupWindow,editor window,Editor,Zounds,Editor/Zounds/EditorWindows/ZoundEditorWindows/ImportTrimPopupWindow.cs,IMGUI,IMGUI,curve/envelope,unknown: inspect visual path,yes: height =,held/legacy candidate: legacy,0,0,73e1071e0d80fd17d6f7cffcb732cf92e4ac6a004c3267769f8c2605ba0565a0
KlipEditorWindow,editor window,Editor,Zounds,Editor/Zounds/EditorWindows/ZoundEditorWindows/KlipEditorWindow.cs,ZUI / IMGUI,ZUI; IMGUI; custom painter,ZUI; curve/envelope,known: ZUI or legacy style state,"yes: GetRect, height =, width =",not classified by source screening,0,0,a7ba676d42b3eb4ed518b5a82c154f2fdf97f892e128a8bfe4e2f69dc63da552
ZequenceEditorWindow,editor window,Editor,Zounds,Editor/Zounds/EditorWindows/ZoundEditorWindows/ZequenceEditorWindow.cs,ZUI / IMGUI,ZUI; IMGUI; custom painter,ZUI; curve/envelope,known: ZUI or legacy style state,yes: GetRect,not classified by source screening,0,0,da4b5e25b0fd6710eba3966df4b1b9e85520909233f2a9ad86c84e18c33c2087
RandomPointPopup,popover,Editor,Zounds,Editor/Zounds/Uitk/RandomPointPopup.cs,mixed UI Toolkit + IMGUI,UI Toolkit; ZUI; IMGUI; uGUI,ZUI; curve/envelope,known: ZUI or legacy style state,"yes: height =, width =",not classified by source screening,7,0,5d59b005a0490ceeace4cbadbb3122b3272d2820b9933859271ba5beac3b6f6a
NamePopup,popover,Editor,Zounds,Editor/Zounds/Uitk/SnapshotsRowTK.cs,mixed UI Toolkit + IMGUI,UI Toolkit; ZUI; IMGUI; uGUI,ZUI; style factory,known: Toolkit stylesheet/class hook,"yes: flexGrow, height =, width =, worldBound",not classified by source screening,33,8,5c074040d94b8ce2bbbfcc164c599d94a2c316353e094f444ff67ced78974933
TrackIdPopup,popover,Editor,Zounds,Editor/Zounds/Uitk/TrackIdPopup.cs,mixed UI Toolkit + IMGUI,UI Toolkit; ZUI; IMGUI; uGUI,ZUI; style factory,known: Toolkit stylesheet/class hook,"yes: height =, width =",not classified by source screening,15,3,4f18d49df6dfc65cf8eec729d6889053252ed5b4ffe6db2ad3c751ead27ddf27
ImguiChainGallery,editor window,Editor,Zounds,Editor/Zounds/Uitk/ZoundsUitkGallery.cs,mixed UI Toolkit + IMGUI,UI Toolkit; ZUI; IMGUI; uGUI,ZUI; curve/envelope,known: ZUI or legacy style state,"yes: height =, position., width =",not classified by source screening,3,0,bed2df55758e45e65c6a388ec80f6de7960bc9ab3741ac0bdcc46d029c35c9dd
ImguiGallery,editor window,Editor,Zounds,Editor/Zounds/Uitk/ZoundsUitkGallery.cs,mixed UI Toolkit + IMGUI,UI Toolkit; ZUI; IMGUI; uGUI,ZUI; curve/envelope,known: ZUI or legacy style state,"yes: height =, position., width =",not classified by source screening,3,0,bed2df55758e45e65c6a388ec80f6de7960bc9ab3741ac0bdcc46d029c35c9dd
ZpocPopup,popover,Editor,Zounds,Editor/Zounds/Uitk/ZpocPopup.cs,mixed UI Toolkit + IMGUI,UI Toolkit; ZUI; IMGUI; uGUI,ZUI; style factory,known: Toolkit stylesheet/class hook,"yes: height =, width =",not classified by source screening,18,3,18119cc6493d1bbca9fbeec361f1605a5ef3fd5b36530fd8ea7a231a25f370d5
GenericMenuEditorWindow,editor window,Editor,Zounds,Editor/Zounds/Utilities/GenericMenuEditorWindow.cs,IMGUI,IMGUI,none detected,unknown: inspect visual path,yes: position.,not classified by source screening,0,0,36d25eb6ecb9d0ad70df32b0b278528f14b82dee6087659d1d3f6a34085092c0
GenericMenuPopup,popover,Editor,Zounds,Editor/Zounds/Utilities/GenericMenuPopup.cs,IMGUI,IMGUI; custom painter,reflection/form,unknown: inspect visual path,"yes: height =, position., width =",not classified by source screening,6,0,8c2208a2ab0accb3ffea26e7fd2b31233e9f3c84990780a10a972eb635bff6ae
ZoundEngineEditor,inspector,Editor,Zounds,Editor/Zounds/ZoundEngineEditor.cs,IMGUI,IMGUI,none detected,unknown: inspect visual path,none detected,not classified by source screening,0,0,085a9dfd629f742ab5baa7afaac18959a3de8d136742171feed55ed7eeaa237f
ZoundsProjectEditor,inspector,Editor,Zounds,Editor/Zounds/ZoundsProjectEditor.cs,IMGUI,IMGUI,none detected,unknown: inspect visual path,none detected,not classified by source screening,0,0,6d2bc0c4662be1fb96912fff8126588d6c0c3badd745b7e77104d831792f51cb
ZoundsWindow,editor window,Editor,Zounds,Editor/Zounds/ZoundsWindow.cs,ZUI / IMGUI,ZUI; IMGUI,ZUI,known: ZUI or legacy style state,yes: position.,not classified by source screening,0,0,615de7e5beb38144feb71ace5de84b169b1eacb017ad48f7c4d073b72ddc19e9
InputGuideOverlay,runtime UI,Runtime,InputGuide,Runtime/InputGuide/InputGuideOverlay.cs,ZUI / IMGUI,ZUI; IMGUI; custom painter,ZUI,known: ZUI or legacy style state,"yes: height =, width =",not classified by source screening,0,0,05a5c9e44cf233d55ed3b5903ffb5b147082c8159bc994dbcfaf77b3efdbfd48
MirageHud,runtime UI,Runtime,Mirage,Runtime/Mirage/MirageHud.cs,ZUI / IMGUI,ZUI; IMGUI,ZUI,known: ZUI or legacy style state,yes: position.,not classified by source screening,0,0,b1fb7b79bb2c81433eff3b616fd8325010cee7c0ee388c9c17466db1c41459b7
doc,runtime UI,Runtime,Mirage,Runtime/Mirage/MirageHud.cs,ZUI / IMGUI,ZUI; IMGUI,ZUI,known: ZUI or legacy style state,yes: position.,not classified by source screening,0,0,b1fb7b79bb2c81433eff3b616fd8325010cee7c0ee388c9c17466db1c41459b7
used,runtime UI,Runtime,Monolith,Runtime/Monolith/MonolithStateMachine.cs,UI Toolkit,UI Toolkit; uGUI,none detected,unknown: inspect visual path,none detected,held/legacy candidate: deprecated,0,0,21bbfc7565d37e9b837dc2a4c658e5d5f8baba1db9a0682884bc3aa8513d23ff
used,runtime UI,Runtime,Monolith,Runtime/Monolith/MonolithStateMachine.cs,UI Toolkit,UI Toolkit; uGUI,none detected,unknown: inspect visual path,none detected,held/legacy candidate: deprecated,0,0,21bbfc7565d37e9b837dc2a4c658e5d5f8baba1db9a0682884bc3aa8513d23ff
MonolithStateMachine,runtime UI,Runtime,Monolith,Runtime/Monolith/MonolithStateMachine.cs,UI Toolkit,UI Toolkit; uGUI,none detected,unknown: inspect visual path,none detected,held/legacy candidate: deprecated,0,0,21bbfc7565d37e9b837dc2a4c658e5d5f8baba1db9a0682884bc3aa8513d23ff
OvertureVisual,runtime UI,Runtime,Overture,Runtime/Overture/OvertureVisual.cs,uGUI,uGUI,none detected,unknown: inspect visual path,none detected,not classified by source screening,0,0,504fc355e518bd2a44b8912f1bd2d2ee7c46dcdf4b72eda4d1f76b61e6fb8242
screen,runtime UI,Runtime,PixelScale,Runtime/PixelScale/ScreenEdgeVisualizer.cs,IMGUI,IMGUI,none detected,unknown: inspect visual path,none detected,not classified by source screening,0,0,a12580ddb2e7ca7b8afbaae40e7dd1cfb0ba5bf9e60b3f5776980c028df1ff9a
ScreenEdgeVisualizer,runtime UI,Runtime,PixelScale,Runtime/PixelScale/ScreenEdgeVisualizer.cs,IMGUI,IMGUI,none detected,unknown: inspect visual path,none detected,not classified by source screening,0,0,a12580ddb2e7ca7b8afbaae40e7dd1cfb0ba5bf9e60b3f5776980c028df1ff9a
HackyHeightScript,runtime UI,Runtime,SimpleMenu,Runtime/SimpleMenu/HackyHeightScript.cs,uGUI,uGUI,none detected,unknown: inspect visual path,none detected,not classified by source screening,0,0,bad6799f2c6a4b8846e75672cd772b21e2698e678504071e31db7c7dc43e98ef
PreserveHeight,runtime UI,Runtime,SimpleMenu,Runtime/SimpleMenu/PreserveHeight.cs,uGUI,uGUI,none detected,unknown: inspect visual path,yes: height =,not classified by source screening,0,0,1ca24965d28d880442bc290ebe4cda9cd28877387ffec3e894869b44396ed9d8
SimpleMenuBase,runtime UI,Runtime,SimpleMenu,Runtime/SimpleMenu/SimpleMenuBase.cs,uGUI,uGUI,reflection/form,unknown: inspect visual path,none detected,held/legacy candidate: deprecated,0,0,9695c8b099523808f0c66ef5157c60d81ae31ca49f803e194a0a35b527ec9dfc
SimpleMenuVisual,runtime UI,Runtime,SimpleMenu,Runtime/SimpleMenu/SimpleMenuVisual.cs,uGUI,uGUI,none detected,unknown: inspect visual path,yes: position.,not classified by source screening,0,0,693b29ef4d0915bb3e83556f2b605e53b3fd547a20377fb0b24646d56be9e97f
MemberAccessor,runtime UI,Runtime,SimpleUI,Runtime/SimpleUI/BindingResolver.cs,uGUI,uGUI,reflection/form,unknown: inspect visual path,none detected,not classified by source screening,0,0,033de11e37442c0de7bcac03e8f225ab575a8966eb649e4bf4170161edd36cc2
BindingResolver,runtime UI,Runtime,SimpleUI,Runtime/SimpleUI/BindingResolver.cs,uGUI,uGUI,reflection/form,unknown: inspect visual path,none detected,not classified by source screening,0,0,033de11e37442c0de7bcac03e8f225ab575a8966eb649e4bf4170161edd36cc2
StatefulVisual,runtime UI,Runtime,StatefulUI,Runtime/StatefulUI/StatefulVisual.cs,uGUI,uGUI,none detected,unknown: inspect visual path,none detected,not classified by source screening,0,0,cdc9ee079874443763caadecde48bd7b45dc02f45094cf656ed11633a1cbd9c6
SplashPixelRig,runtime UI,Runtime,TextSplash,Runtime/TextSplash/SplashPixelRig.cs,uGUI,uGUI,reflection/form; curve/envelope,unknown: inspect visual path,none detected,held/legacy candidate: held,0,0,fec687062aa3cdb6b792370423528339c3440dee79b70c58cca5a4011f858089
EditableLabel,runtime UI,Runtime,UI,Runtime/UI/EditableLabel.cs,uGUI,uGUI,none detected,unknown: inspect visual path,none detected,not classified by source screening,0,0,35d8f5b1a4297e4f53727694427334a638c1acc297bee91586d0afc103ee0698
NavigationCursor,runtime UI,Runtime,WorldSpaceUINavigation,Runtime/WorldSpaceUINavigation/NavigationCursor.cs,uGUI,uGUI,none detected,unknown: inspect visual path,none detected,not classified by source screening,0,0,7e41dfbcf36de7d1b833aa01b037ae9b64cff742d73edb46cefa7f65fbaaae2b
WorldSpaceUIProxy,runtime UI,Runtime,WorldSpaceUINavigation,Runtime/WorldSpaceUINavigation/WorldSpaceUIProxy.cs,uGUI,uGUI,none detected,unknown: inspect visual path,none detected,not classified by source screening,0,0,02bc81b200f6c2812b19792fb57b662821b592173808568ad2ba58b2591c605d
WorldSpaceUIProxyManager,runtime UI,Runtime,WorldSpaceUINavigation,Runtime/WorldSpaceUINavigation/WorldSpaceUIProxyManager.cs,uGUI,uGUI,none detected,unknown: inspect visual path,none detected,not classified by source screening,0,0,d5524a57c3f2fbde74b812a2ee17e086b244fdcb7e05e0778609c9f13ace1155
Zhowcase,editor window,Other,Zui,Zui/Scripts/Editor/Zhowcase.cs,ZUI / IMGUI,ZUI; IMGUI,ZUI; reflection/form; curve/envelope,known: ZUI or legacy style state,yes: Measure,not classified by source screening,0,0,088dee7e0721ec6c76e6b951e010833302451428eac87f54be41230cadc8feaf
EasePickerPopup,popover,Other,Zui,Zui/Scripts/Editor/ZUIEasePicker.cs,ZUI / IMGUI,ZUI; IMGUI,ZUI; reflection/form,known: ZUI or legacy style state,yes: GetRect,not classified by source screening,0,0,4c765e84fdc71003be151da432ed6b6a00d99a6129b1e8db6fa9278cf017cf47
ZUIEnvelopePresetPopup,popover,Other,Zui,Zui/Scripts/Editor/ZUIEnvelopePresetPopup.cs,ZUI / IMGUI,ZUI; IMGUI,ZUI; curve/envelope,known: ZUI or legacy style state,"yes: GetRect, width =",not classified by source screening,0,0,ed82a686db673dd0e773e61c11b3c323553980371bf6530280e78b03c16497a0
ZUIGenericPopoverContent,popover,Other,Zui,Zui/Scripts/Editor/ZUIPopover.cs,ZUI / IMGUI,ZUI; IMGUI,ZUI,known: ZUI or legacy style state,none detected,not classified by source screening,0,0,755dbdd19604538fb3cacbc694c820c076b5d0a5069823e2416100b46fe379e1
ZUIStyleEditorWindow,editor window,Other,Zui,Zui/Scripts/Editor/ZUIStyleEditorWindow.cs,mixed UI Toolkit + IMGUI,UI Toolkit; ZUI; IMGUI; custom painter,ZUI; reflection/form; curve/envelope; style factory,known: Toolkit stylesheet/class hook,"yes: GetRect, Measure, position., width =",held/legacy candidate: legacy,0,0,f81e18e933002db4f585d1ef4468cfdaec255071bb4bf73a1ce4444400c697ce
ZUIGradientStopPopup,popover,Other,Zui,Zui/Scripts/Editor/ZUIStyleEditorWindow.cs,mixed UI Toolkit + IMGUI,UI Toolkit; ZUI; IMGUI; custom painter,ZUI; reflection/form; curve/envelope; style factory,known: Toolkit stylesheet/class hook,"yes: GetRect, Measure, position., width =",held/legacy candidate: legacy,0,0,f81e18e933002db4f585d1ef4468cfdaec255071bb4bf73a1ce4444400c697ce
ZUIPatternPickerPopup,popover,Other,Zui,Zui/Scripts/Editor/ZUIStyleEditorWindow.cs,mixed UI Toolkit + IMGUI,UI Toolkit; ZUI; IMGUI; custom painter,ZUI; reflection/form; curve/envelope; style factory,known: Toolkit stylesheet/class hook,"yes: GetRect, Measure, position., width =",held/legacy candidate: legacy,0,0,f81e18e933002db4f585d1ef4468cfdaec255071bb4bf73a1ce4444400c697ce
ZUIStopColorPopup,popover,Other,Zui,Zui/Scripts/Editor/ZUIStyleEditorWindow.cs,mixed UI Toolkit + IMGUI,UI Toolkit; ZUI; IMGUI; custom painter,ZUI; reflection/form; curve/envelope; style factory,known: Toolkit stylesheet/class hook,"yes: GetRect, Measure, position., width =",held/legacy candidate: legacy,0,0,f81e18e933002db4f585d1ef4468cfdaec255071bb4bf73a1ce4444400c697ce
ZUIColorPickerPopup,popover,Other,Zui,Zui/Scripts/Editor/ZUIStyleEditorWindow.cs,mixed UI Toolkit + IMGUI,UI Toolkit; ZUI; IMGUI; custom painter,ZUI; reflection/form; curve/envelope; style factory,known: Toolkit stylesheet/class hook,"yes: GetRect, Measure, position., width =",held/legacy candidate: legacy,0,0,f81e18e933002db4f585d1ef4468cfdaec255071bb4bf73a1ce4444400c697ce
ZUITextureEditor,editor window,Other,Zui,Zui/Scripts/Editor/ZUITextureEditor.cs,ZUI / IMGUI,ZUI; IMGUI; uGUI; custom painter,ZUI; reflection/form,known: ZUI or legacy style state,"yes: GetRect, height =, width =",not classified by source screening,0,0,fc35779c382d274a6e242bec00f38988524eaae524bcc68e50ef022ccae9e92a
ZUIIconPickerPopup,popover,Other,Zui,Zui/Scripts/Editor/ZUITextureEditor.cs,ZUI / IMGUI,ZUI; IMGUI; uGUI; custom painter,ZUI; reflection/form,known: ZUI or legacy style state,"yes: GetRect, height =, width =",not classified by source screening,0,0,fc35779c382d274a6e242bec00f38988524eaae524bcc68e50ef022ccae9e92a
ZUIWindow,editor window,Other,Zui,Zui/Scripts/Editor/ZUIWindow.cs,mixed UI Toolkit + IMGUI,UI Toolkit; ZUI; IMGUI,ZUI; style factory,known: Toolkit stylesheet/class hook,none detected,held/legacy candidate: legacy,0,0,273ab3471dcfd96cf558801eceb919e2c47561e16e0a3d7f7bf9bdf63281a042
ZUIWindow,editor window,Other,Zui,Zui/Scripts/Editor/ZUIWindow.Draw.cs,ZUI / IMGUI,ZUI; IMGUI,ZUI; reflection/form; curve/envelope,known: ZUI or legacy style state,yes: height =,not classified by source screening,0,0,fba79aac096a553e7ce9c6ae8e61576a0135000092504ffdc17ea3dee2ad98d4
ZuiGradientPresetPopup,popover,Other,Zui,Zui/Toolkit/ZuiGradientPresetPopup.cs,UI Toolkit,UI Toolkit; ZUI; uGUI; custom painter,ZUI; curve/envelope,known: ZUI or legacy style state,"yes: flexGrow, height =, width =",not classified by source screening,17,0,dedec12478274e1e00d399bab75bf0b210b20d49e7f8137a09ba2b11746092a6
ZuiWindow,editor window,Other,Zui,Zui/Toolkit/ZuiWindow.cs,UI Toolkit,UI Toolkit; ZUI; uGUI,ZUI,known: ZUI or legacy style state,none detected,held/legacy candidate: retained,0,0,5e4ccf3f58f9825e16f8a5b0d713ac4198c5e8a18a8ba9663e44a97c6d891352
