sim	matched	frame	visibleDiff	exactDiff	maxCh	covPyre	covShaper	unmapped
Fire	factory-defaults	0	0	0	0	0	0	
Fire	factory-defaults	1	29	29	225	29	29	
Fire	factory-defaults	2	40	40	236	40	39	
Fire	factory-defaults	3	48	48	236	48	47	
Fire	factory-defaults	4	52	52	255	52	51	
Fire	factory-defaults	5	66	66	236	66	64	
Fire	factory-defaults	6	63	63	234	63	61	
Fire	factory-defaults	7	0	0	0	0	0	
Fire	MATCHED	0	0	0	0	0	0	
Fire	MATCHED	1	2	2	1	29	29	
Fire	MATCHED	2	5	6	1	39	39	
Fire	MATCHED	3	1	2	1	47	47	
Fire	MATCHED	4	3	3	1	51	51	
Fire	MATCHED	5	11	13	1	64	64	
Fire	MATCHED	6	0	2	0	61	61	
Fire	MATCHED	7	0	0	0	0	0	
Fireball	factory-defaults	0	0	0	0	0	0	
Fireball	factory-defaults	1	52	52	144	52	52	
Fireball	factory-defaults	2	80	80	197	80	80	
Fireball	factory-defaults	3	119	119	197	119	119	
Fireball	factory-defaults	4	163	163	197	163	163	
Fireball	factory-defaults	5	213	213	134	213	213	
Fireball	factory-defaults	6	273	273	140	273	273	
Fireball	factory-defaults	7	0	0	0	0	0	
Fireball	MATCHED	0	0	0	0	0	0	
Fireball	MATCHED	1	0	0	0	52	52	
Fireball	MATCHED	2	0	0	0	80	80	
Fireball	MATCHED	3	2	2	1	119	119	
Fireball	MATCHED	4	7	7	1	163	163	
Fireball	MATCHED	5	16	16	1	213	213	
Fireball	MATCHED	6	28	28	1	273	273	
Fireball	MATCHED	7	0	0	0	0	0	
